Order_ID,Order_Date,Ship_Date,Customer_ID,Segment,Region,State,City,Category,Sub_Category,Product_Name,Sales,Quantity,Discount,Profit
ORD-01427,2025-01-01,2025-01-03,CUST-0095,Consumer,Central,Ohio,Cleveland,Furniture,Tables,Round Conference Table,2257.87,5,0.0,391.06
ORD-00057,2025-01-01,2025-01-04,CUST-0319,Consumer,West,California,Fresno,Technology,Laptops,Ultrabook Air 13,5323.73,5,0.05,805.75
ORD-01100,2025-01-01,2025-01-03,CUST-0016,Small Business,Central,Illinois,Springfield,Technology,Phones,5G Phone Max,1661.17,3,0.2,108.33
ORD-00136,2025-01-01,2025-01-06,CUST-0073,Corporate,East,Georgia,Atlanta,Technology,Laptops,Ultrabook Air 13,7235.0,6,0.05,1321.06
ORD-00030,2025-01-01,2025-01-06,CUST-0247,Consumer,East,Pennsylvania,Pittsburgh,Technology,Phones,Smartphone Pro 12,580.59,1,0.3,8.9
ORD-01486,2025-01-02,2025-01-04,CUST-0274,Consumer,Central,Michigan,Detroit,Furniture,Chairs,Visitor Chair,614.48,6,0.2,33.61
ORD-00218,2025-01-02,2025-01-04,CUST-0357,Small Business,West,Oregon,Eugene,Furniture,Chairs,Executive Chair,1592.43,4,0.0,262.66
ORD-00678,2025-01-02,2025-01-03,CUST-0054,Consumer,Central,Michigan,Grand Rapids,Office Supplies,Binders,Premium Binder,123.23,7,0.0,26.63
ORD-00120,2025-01-02,2025-01-04,CUST-0143,Consumer,West,California,Los Angeles,Technology,Laptops,Ultrabook Air 13,8483.7,7,0.0,1642.8
ORD-01352,2025-01-02,2025-01-03,CUST-0332,Small Business,East,New York,Rochester,Furniture,Tables,Side Table,644.15,5,0.2,31.49
ORD-01244,2025-01-02,2025-01-03,CUST-0169,Small Business,West,Nevada,Reno,Technology,Accessories,USB-C Hub,290.33,6,0.0,61.05
ORD-01325,2025-01-02,2025-01-03,CUST-0229,Consumer,East,Georgia,Augusta,Furniture,Chairs,Executive Chair,820.0,2,0.0,156.73
ORD-00123,2025-01-03,2025-01-07,CUST-0173,Consumer,East,New York,Buffalo,Office Supplies,Storage,File Storage Box,16.81,1,0.2,2.6
ORD-01095,2025-01-03,2025-01-08,CUST-0088,Small Business,South,Louisiana,Baton Rouge,Office Supplies,Paper,Recycled Paper Pack,115.38,5,0.15,15.96
ORD-00841,2025-01-03,2025-01-04,CUST-0089,Consumer,West,California,San Jose,Technology,Laptops,Business Laptop 14,3610.8,6,0.3,50.06
ORD-00362,2025-01-03,2025-01-08,CUST-0047,Corporate,West,Nevada,Reno,Office Supplies,Binders,Document Folder Set,13.96,1,0.0,3.87
ORD-00360,2025-01-04,2025-01-07,CUST-0106,Consumer,West,Washington,Spokane,Office Supplies,Binders,Premium Binder,31.49,2,0.1,4.75
ORD-01191,2025-01-04,2025-01-06,CUST-0146,Small Business,Central,Wisconsin,Madison,Office Supplies,Storage,Archive Box Set,214.73,6,0.05,47.13
ORD-01452,2025-01-04,2025-01-06,CUST-0012,Consumer,Central,Michigan,Grand Rapids,Technology,Laptops,Gaming Laptop G5,6670.5,6,0.2,404.03
ORD-00782,2025-01-04,2025-01-09,CUST-0398,Small Business,West,Arizona,Tucson,Technology,Accessories,Wireless Mouse,74.44,3,0.15,6.75
ORD-00159,2025-01-05,2025-01-08,CUST-0149,Consumer,East,Pennsylvania,Pittsburgh,Office Supplies,Paper,Copy Paper Box,217.2,7,0.1,35.99
ORD-01429,2025-01-05,2025-01-08,CUST-0378,Consumer,East,Pennsylvania,Pittsburgh,Office Supplies,Paper,Premium Printing Paper,114.07,3,0.15,16.7
ORD-01079,2025-01-05,2025-01-09,CUST-0289,Consumer,South,Louisiana,Baton Rouge,Technology,Phones,Smartphone Pro 12,703.94,1,0.15,73.21
ORD-01210,2025-01-06,2025-01-08,CUST-0394,Consumer,Central,Illinois,Peoria,Office Supplies,Paper,Recycled Paper Pack,24.15,1,0.1,3.79
ORD-00342,2025-01-06,2025-01-07,CUST-0105,Corporate,East,Virginia,Richmond,Office Supplies,Paper,Premium Printing Paper,48.34,1,0.0,9.33
ORD-00591,2025-01-06,2025-01-08,CUST-0244,Consumer,Central,Michigan,Detroit,Technology,Laptops,Business Laptop 14,4502.19,6,0.15,488.9
ORD-00704,2025-01-07,2025-01-12,CUST-0288,Consumer,East,Georgia,Atlanta,Technology,Phones,5G Phone Max,3093.85,5,0.1,362.34
ORD-01151,2025-01-08,2025-01-12,CUST-0224,Consumer,South,Tennessee,Knoxville,Technology,Phones,5G Phone Max,1841.19,3,0.0,276.46
ORD-00697,2025-01-08,2025-01-09,CUST-0339,Consumer,South,South Carolina,Charleston,Technology,Laptops,Business Laptop 14,6645.58,7,0.0,1434.29
ORD-01348,2025-01-09,2025-01-14,CUST-0138,Consumer,Central,Texas,Austin,Furniture,Tables,Round Conference Table,888.05,2,0.0,132.85
ORD-00462,2025-01-09,2025-01-11,CUST-0140,Consumer,East,Florida,Miami,Office Supplies,Binders,Premium Binder,49.05,3,0.15,8.46
ORD-00987,2025-01-09,2025-01-14,CUST-0168,Corporate,East,Florida,Miami,Office Supplies,Binders,Document Folder Set,60.09,5,0.2,7.6
ORD-00487,2025-01-10,2025-01-15,CUST-0058,Consumer,Central,Ohio,Cincinnati,Technology,Phones,5G Phone Max,3607.0,6,0.0,525.08
ORD-00844,2025-01-10,2025-01-12,CUST-0355,Consumer,West,California,Los Angeles,Office Supplies,Storage,Desktop Organizer,68.39,3,0.2,7.57
ORD-01002,2025-01-11,2025-01-14,CUST-0348,Small Business,Central,Ohio,Cincinnati,Furniture,Tables,Round Conference Table,1535.49,4,0.1,131.09
ORD-01317,2025-01-11,2025-01-16,CUST-0052,Consumer,West,California,San Diego,Technology,Accessories,USB-C Hub,176.52,4,0.1,22.3
ORD-00648,2025-01-11,2025-01-16,CUST-0105,Small Business,South,North Carolina,Raleigh,Technology,Accessories,Wireless Mouse,173.64,6,0.0,35.98
ORD-00583,2025-01-11,2025-01-15,CUST-0358,Consumer,Central,Michigan,Detroit,Technology,Phones,Budget Smartphone X,1310.47,4,0.2,77.25
ORD-01227,2025-01-12,2025-01-17,CUST-0282,Consumer,East,Virginia,Norfolk,Office Supplies,Paper,Recycled Paper Pack,21.27,1,0.2,3.14
ORD-00158,2025-01-12,2025-01-15,CUST-0287,Small Business,South,Alabama,Birmingham,Furniture,Chairs,Visitor Chair,714.27,6,0.0,118.97
ORD-00754,2025-01-12,2025-01-15,CUST-0271,Corporate,West,Nevada,Reno,Technology,Phones,Budget Smartphone X,1517.5,5,0.2,89.13
ORD-01498,2025-01-12,2025-01-15,CUST-0026,Small Business,West,Washington,Spokane,Technology,Accessories,Mechanical Keyboard,436.34,6,0.0,73.21
ORD-00061,2025-01-13,2025-01-16,CUST-0042,Corporate,South,North Carolina,Raleigh,Office Supplies,Storage,Archive Box Set,196.42,6,0.1,35.34
ORD-00820,2025-01-13,2025-01-18,CUST-0178,Consumer,South,South Carolina,Columbia,Technology,Accessories,Mechanical Keyboard,498.26,7,0.15,39.38
ORD-00233,2025-01-13,2025-01-18,CUST-0204,Corporate,East,Georgia,Augusta,Furniture,Desks,Office Work Desk,1729.59,6,0.15,114.44
ORD-00179,2025-01-14,2025-01-15,CUST-0319,Corporate,East,Georgia,Savannah,Office Supplies,Paper,Premium Printing Paper,221.05,6,0.15,39.34
ORD-01466,2025-01-14,2025-01-17,CUST-0131,Corporate,West,Arizona,Phoenix,Technology,Laptops,Ultrabook Air 13,1106.67,1,0.1,146.77
ORD-00433,2025-01-14,2025-01-19,CUST-0272,Consumer,South,Tennessee,Memphis,Office Supplies,Binders,A4 Ring Binder,56.19,5,0.05,13.46
ORD-00727,2025-01-15,2025-01-19,CUST-0375,Consumer,West,California,Los Angeles,Office Supplies,Storage,File Storage Box,55.68,3,0.1,10.04
ORD-00600,2025-01-15,2025-01-18,CUST-0102,Consumer,West,Oregon,Eugene,Technology,Laptops,Business Laptop 14,6794.99,7,0.0,990.62
ORD-00778,2025-01-15,2025-01-16,CUST-0245,Corporate,South,Louisiana,Shreveport,Technology,Phones,Smartphone Pro 12,3581.42,6,0.2,280.71
ORD-01320,2025-01-15,2025-01-19,CUST-0371,Corporate,West,Washington,Spokane,Technology,Phones,5G Phone Max,3273.73,6,0.1,490.38
ORD-00417,2025-01-16,2025-01-18,CUST-0070,Corporate,Central,Ohio,Columbus,Technology,Laptops,Gaming Laptop G5,2681.55,2,0.05,423.33
ORD-01459,2025-01-16,2025-01-21,CUST-0359,Consumer,West,Arizona,Phoenix,Technology,Laptops,Ultrabook Air 13,2565.18,2,0.0,539.49
ORD-00094,2025-01-17,2025-01-18,CUST-0089,Consumer,Central,Texas,Austin,Technology,Accessories,USB-C Hub,215.72,5,0.15,22.19
ORD-00167,2025-01-17,2025-01-22,CUST-0261,Consumer,West,Nevada,Las Vegas,Office Supplies,Storage,Archive Box Set,89.74,3,0.1,14.44
ORD-00078,2025-01-17,2025-01-20,CUST-0150,Consumer,South,Tennessee,Knoxville,Technology,Phones,5G Phone Max,2629.89,4,0.05,378.98
ORD-00742,2025-01-17,2025-01-22,CUST-0208,Consumer,South,North Carolina,Raleigh,Office Supplies,Storage,File Storage Box,121.52,7,0.15,22.08
ORD-00559,2025-01-18,2025-01-20,CUST-0202,Consumer,West,California,Fresno,Office Supplies,Storage,Desktop Organizer,73.22,3,0.1,13.86
ORD-00172,2025-01-18,2025-01-21,CUST-0345,Consumer,West,Arizona,Tucson,Furniture,Desks,Compact Study Desk,1308.49,7,0.1,139.87
ORD-00900,2025-01-18,2025-01-23,CUST-0321,Corporate,Central,Michigan,Detroit,Office Supplies,Storage,Archive Box Set,151.1,4,0.0,30.74
ORD-00972,2025-01-18,2025-01-22,CUST-0210,Consumer,West,Oregon,Eugene,Technology,Accessories,USB-C Hub,96.29,2,0.05,12.07
ORD-00995,2025-01-18,2025-01-23,CUST-0018,Consumer,South,North Carolina,Greensboro,Furniture,Chairs,Visitor Chair,323.96,3,0.15,29.75
ORD-00486,2025-01-19,2025-01-24,CUST-0231,Consumer,West,Nevada,Las Vegas,Technology,Accessories,Mechanical Keyboard,161.82,2,0.05,24.53
ORD-00828,2025-01-19,2025-01-24,CUST-0278,Consumer,West,Arizona,Tucson,Technology,Laptops,Business Laptop 14,4373.42,6,0.15,365.91
ORD-00749,2025-01-19,2025-01-22,CUST-0321,Corporate,Central,Texas,Austin,Furniture,Desks,Compact Study Desk,1353.01,6,0.0,210.96
ORD-01222,2025-01-19,2025-01-20,CUST-0254,Consumer,Central,Texas,San Antonio,Office Supplies,Paper,Copy Paper Box,78.57,3,0.2,8.25
ORD-00375,2025-01-19,2025-01-23,CUST-0182,Corporate,Central,Ohio,Cleveland,Furniture,Tables,Round Conference Table,1232.31,3,0.1,138.84
ORD-00132,2025-01-20,2025-01-24,CUST-0181,Consumer,Central,Wisconsin,Milwaukee,Office Supplies,Binders,Document Folder Set,76.02,5,0.0,19.62
ORD-01286,2025-01-20,2025-01-25,CUST-0126,Corporate,West,Arizona,Tucson,Technology,Phones,Smartphone Pro 12,737.68,1,0.0,136.08
ORD-00922,2025-01-20,2025-01-24,CUST-0162,Corporate,Central,Ohio,Cincinnati,Furniture,Desks,Standing Desk,3064.08,6,0.05,369.31
ORD-00188,2025-01-21,2025-01-22,CUST-0161,Corporate,Central,Wisconsin,Milwaukee,Technology,Phones,5G Phone Max,1386.57,3,0.3,19.55
ORD-00682,2025-01-21,2025-01-24,CUST-0181,Small Business,East,Georgia,Savannah,Technology,Phones,Budget Smartphone X,2469.61,7,0.1,298.3
ORD-00369,2025-01-21,2025-01-26,CUST-0356,Small Business,South,Louisiana,Shreveport,Office Supplies,Binders,A4 Ring Binder,78.63,7,0.05,17.91
ORD-01181,2025-01-21,2025-01-25,CUST-0137,Small Business,West,Washington,Seattle,Office Supplies,Paper,Copy Paper Box,57.8,2,0.15,9.3
ORD-00401,2025-01-22,2025-01-26,CUST-0179,Corporate,Central,Michigan,Detroit,Furniture,Chairs,Ergonomic Office Chair,1845.15,7,0.0,255.62
ORD-00173,2025-01-22,2025-01-27,CUST-0278,Consumer,South,Louisiana,New Orleans,Technology,Accessories,USB-C Hub,98.09,2,0.0,20.06
ORD-00380,2025-01-22,2025-01-25,CUST-0149,Corporate,Central,Wisconsin,Madison,Technology,Phones,Budget Smartphone X,2202.91,6,0.0,360.35
ORD-01169,2025-01-22,2025-01-27,CUST-0276,Consumer,Central,Ohio,Columbus,Technology,Phones,Budget Smartphone X,2634.39,7,0.0,402.24
ORD-00594,2025-01-23,2025-01-26,CUST-0340,Consumer,Central,Texas,Houston,Technology,Laptops,Business Laptop 14,3434.83,4,0.1,506.33
ORD-00599,2025-01-23,2025-01-25,CUST-0359,Consumer,East,Pennsylvania,Philadelphia,Furniture,Desks,Compact Study Desk,566.03,3,0.1,67.64
ORD-00239,2025-01-23,2025-01-27,CUST-0205,Corporate,South,South Carolina,Columbia,Office Supplies,Paper,Premium Printing Paper,80.45,2,0.15,14.21
ORD-01106,2025-01-24,2025-01-29,CUST-0234,Consumer,Central,Ohio,Columbus,Technology,Phones,Budget Smartphone X,1730.3,5,0.1,194.18
ORD-01199,2025-01-24,2025-01-27,CUST-0307,Consumer,West,Oregon,Portland,Technology,Laptops,Business Laptop 14,6041.06,7,0.05,1044.93
ORD-00614,2025-01-24,2025-01-29,CUST-0337,Consumer,South,Louisiana,New Orleans,Office Supplies,Paper,Premium Printing Paper,47.62,1,0.0,10.56
ORD-00303,2025-01-25,2025-01-30,CUST-0339,Consumer,Central,Michigan,Detroit,Furniture,Chairs,Executive Chair,368.96,1,0.05,54.59
ORD-00991,2025-01-25,2025-01-26,CUST-0239,Consumer,South,North Carolina,Greensboro,Technology,Accessories,Mechanical Keyboard,540.91,7,0.0,87.84
ORD-00408,2025-01-25,2025-01-26,CUST-0203,Consumer,South,South Carolina,Charleston,Office Supplies,Binders,A4 Ring Binder,62.61,7,0.2,7.42
ORD-01494,2025-01-26,2025-01-29,CUST-0110,Consumer,East,New York,Buffalo,Furniture,Desks,Office Work Desk,721.11,3,0.3,-4.19
ORD-00113,2025-01-26,2025-01-28,CUST-0175,Small Business,Central,Illinois,Chicago,Technology,Phones,5G Phone Max,3981.22,7,0.15,344.81
ORD-01090,2025-01-26,2025-01-31,CUST-0376,Consumer,East,Florida,Orlando,Technology,Laptops,Gaming Laptop G5,3727.25,3,0.15,360.19
ORD-00142,2025-01-27,2025-01-30,CUST-0263,Corporate,West,Nevada,Las Vegas,Technology,Laptops,Ultrabook Air 13,2364.83,2,0.0,361.29
ORD-00927,2025-01-27,2025-01-28,CUST-0028,Small Business,Central,Texas,San Antonio,Office Supplies,Storage,Archive Box Set,184.45,5,0.0,35.69
ORD-01319,2025-01-28,2025-01-29,CUST-0089,Corporate,Central,Michigan,Detroit,Technology,Phones,5G Phone Max,683.03,1,0.0,129.43
ORD-00701,2025-01-29,2025-02-03,CUST-0054,Consumer,East,Florida,Jacksonville,Office Supplies,Paper,Recycled Paper Pack,116.8,5,0.1,20.11
ORD-00535,2025-01-29,2025-02-02,CUST-0163,Consumer,East,Pennsylvania,Philadelphia,Technology,Laptops,Ultrabook Air 13,3193.87,3,0.1,345.98
ORD-00249,2025-01-29,2025-02-03,CUST-0170,Consumer,East,New York,Buffalo,Office Supplies,Storage,Archive Box Set,33.9,1,0.1,5.33
ORD-00376,2025-01-30,2025-02-04,CUST-0022,Consumer,South,Alabama,Birmingham,Office Supplies,Paper,Copy Paper Box,147.51,5,0.1,24.57
ORD-00270,2025-01-30,2025-02-04,CUST-0310,Consumer,Central,Wisconsin,Milwaukee,Technology,Phones,Budget Smartphone X,825.26,3,0.3,10.99
ORD-00370,2025-01-30,2025-02-02,CUST-0038,Corporate,West,Oregon,Portland,Technology,Laptops,Business Laptop 14,3058.93,4,0.2,196.76
ORD-01147,2025-01-30,2025-02-03,CUST-0084,Corporate,East,New York,New York City,Technology,Laptops,Business Laptop 14,3320.17,4,0.1,451.73
ORD-01026,2025-01-31,2025-02-05,CUST-0113,Consumer,Central,Ohio,Columbus,Furniture,Desks,Office Work Desk,1147.44,4,0.15,72.71
ORD-01173,2025-01-31,2025-02-01,CUST-0110,Consumer,South,North Carolina,Charlotte,Technology,Phones,Budget Smartphone X,2526.13,7,0.05,372.0
ORD-01215,2025-02-01,2025-02-05,CUST-0389,Consumer,West,Washington,Tacoma,Office Supplies,Binders,A4 Ring Binder,58.59,5,0.0,13.36
ORD-01012,2025-02-02,2025-02-06,CUST-0230,Corporate,West,Washington,Tacoma,Office Supplies,Binders,Document Folder Set,66.78,5,0.05,12.78
ORD-01470,2025-02-02,2025-02-05,CUST-0207,Consumer,South,South Carolina,Columbia,Technology,Phones,Budget Smartphone X,920.33,3,0.2,67.29
ORD-00716,2025-02-02,2025-02-07,CUST-0234,Small Business,South,South Carolina,Charleston,Technology,Laptops,Ultrabook Air 13,7174.9,7,0.1,814.12
ORD-00447,2025-02-04,2025-02-05,CUST-0001,Corporate,East,Florida,Tampa,Office Supplies,Binders,Document Folder Set,85.69,7,0.2,12.51
ORD-00873,2025-02-04,2025-02-08,CUST-0172,Corporate,East,New York,Rochester,Office Supplies,Binders,Document Folder Set,42.91,3,0.0,9.43
ORD-01493,2025-02-04,2025-02-09,CUST-0341,Consumer,East,Pennsylvania,Allentown,Office Supplies,Storage,Archive Box Set,115.44,4,0.15,18.22
ORD-01107,2025-02-04,2025-02-06,CUST-0307,Consumer,Central,Wisconsin,Milwaukee,Technology,Phones,Budget Smartphone X,2491.46,7,0.05,308.36
ORD-00005,2025-02-04,2025-02-06,CUST-0044,Consumer,Central,Texas,San Antonio,Furniture,Desks,Standing Desk,2558.73,6,0.1,319.13
ORD-01237,2025-02-05,2025-02-09,CUST-0223,Consumer,East,Florida,Miami,Technology,Phones,5G Phone Max,1976.27,3,0.05,272.13
ORD-00852,2025-02-05,2025-02-10,CUST-0294,Consumer,West,Arizona,Phoenix,Technology,Laptops,Ultrabook Air 13,1928.96,2,0.15,176.89
ORD-01410,2025-02-05,2025-02-08,CUST-0076,Consumer,Central,Texas,Dallas,Technology,Accessories,Wireless Mouse,51.5,2,0.05,8.23
ORD-01015,2025-02-05,2025-02-08,CUST-0271,Consumer,West,Oregon,Eugene,Furniture,Chairs,Ergonomic Office Chair,1372.51,7,0.15,99.23
ORD-00037,2025-02-05,2025-02-06,CUST-0369,Corporate,Central,Texas,Austin,Furniture,Chairs,Ergonomic Office Chair,1541.89,7,0.15,100.53
ORD-01421,2025-02-06,2025-02-10,CUST-0028,Consumer,East,Pennsylvania,Pittsburgh,Office Supplies,Storage,Desktop Organizer,167.11,6,0.0,41.66
ORD-00916,2025-02-06,2025-02-10,CUST-0302,Small Business,South,Tennessee,Knoxville,Technology,Laptops,Business Laptop 14,2387.63,3,0.15,268.74
ORD-01071,2025-02-06,2025-02-10,CUST-0163,Small Business,South,Louisiana,Baton Rouge,Technology,Phones,5G Phone Max,1657.63,3,0.2,97.0
ORD-01102,2025-02-06,2025-02-09,CUST-0206,Corporate,East,Florida,Jacksonville,Furniture,Tables,Round Conference Table,2764.3,7,0.1,330.24
ORD-01048,2025-02-06,2025-02-09,CUST-0079,Consumer,South,Tennessee,Memphis,Technology,Accessories,Wireless Mouse,161.75,6,0.1,19.55
ORD-00564,2025-02-06,2025-02-09,CUST-0287,Consumer,Central,Texas,San Antonio,Technology,Laptops,Ultrabook Air 13,6749.29,6,0.0,973.8
ORD-00415,2025-02-07,2025-02-11,CUST-0381,Corporate,Central,Wisconsin,Milwaukee,Furniture,Tables,Meeting Table,1523.39,3,0.0,264.65
ORD-00848,2025-02-07,2025-02-10,CUST-0011,Consumer,East,Florida,Miami,Technology,Phones,5G Phone Max,1789.67,3,0.1,251.51
ORD-00497,2025-02-07,2025-02-11,CUST-0204,Corporate,East,New York,Rochester,Technology,Accessories,USB-C Hub,95.62,2,0.0,19.93
ORD-00955,2025-02-07,2025-02-10,CUST-0026,Corporate,West,Nevada,Las Vegas,Technology,Phones,5G Phone Max,2333.41,5,0.3,41.86
ORD-00710,2025-02-07,2025-02-12,CUST-0090,Small Business,South,Tennessee,Nashville,Office Supplies,Paper,Recycled Paper Pack,22.23,1,0.15,3.69
ORD-00468,2025-02-08,2025-02-10,CUST-0025,Corporate,South,North Carolina,Greensboro,Furniture,Desks,Compact Study Desk,411.15,2,0.1,35.61
ORD-00099,2025-02-08,2025-02-12,CUST-0389,Corporate,Central,Michigan,Detroit,Office Supplies,Binders,Premium Binder,52.56,4,0.3,3.81
ORD-00032,2025-02-08,2025-02-11,CUST-0096,Consumer,South,North Carolina,Raleigh,Technology,Laptops,Ultrabook Air 13,4612.52,5,0.2,260.28
ORD-01136,2025-02-08,2025-02-09,CUST-0049,Corporate,West,Nevada,Reno,Technology,Laptops,Gaming Laptop G5,5238.86,4,0.0,796.72
ORD-00109,2025-02-08,2025-02-10,CUST-0188,Corporate,East,Pennsylvania,Pittsburgh,Office Supplies,Storage,Desktop Organizer,130.85,5,0.1,25.48
ORD-00388,2025-02-08,2025-02-12,CUST-0230,Consumer,East,Virginia,Norfolk,Technology,Laptops,Ultrabook Air 13,2888.29,3,0.2,183.72
ORD-00776,2025-02-09,2025-02-13,CUST-0301,Consumer,West,Oregon,Portland,Office Supplies,Storage,Archive Box Set,100.3,3,0.0,21.97
ORD-00723,2025-02-10,2025-02-12,CUST-0017,Consumer,South,Tennessee,Nashville,Office Supplies,Paper,Premium Printing Paper,168.7,4,0.05,39.39
ORD-01484,2025-02-10,2025-02-15,CUST-0213,Consumer,West,Nevada,Las Vegas,Furniture,Desks,Compact Study Desk,1586.14,7,0.0,302.57
ORD-00621,2025-02-10,2025-02-15,CUST-0287,Consumer,East,Virginia,Virginia Beach,Technology,Laptops,Gaming Laptop G5,1349.86,1,0.0,209.91
ORD-01164,2025-02-10,2025-02-13,CUST-0024,Small Business,West,Nevada,Reno,Office Supplies,Storage,File Storage Box,63.06,3,0.0,14.09
ORD-00548,2025-02-11,2025-02-16,CUST-0195,Small Business,West,Oregon,Eugene,Furniture,Tables,Round Conference Table,2326.17,7,0.3,-11.2
ORD-00984,2025-02-11,2025-02-12,CUST-0360,Corporate,South,South Carolina,Columbia,Technology,Phones,Budget Smartphone X,829.99,2,0.0,139.78
ORD-00453,2025-02-11,2025-02-14,CUST-0108,Corporate,South,Alabama,Birmingham,Technology,Laptops,Business Laptop 14,4579.12,5,0.05,764.78
ORD-01103,2025-02-12,2025-02-15,CUST-0353,Corporate,South,North Carolina,Greensboro,Technology,Accessories,Mechanical Keyboard,222.07,3,0.1,30.53
ORD-01159,2025-02-12,2025-02-15,CUST-0198,Consumer,West,Arizona,Tucson,Technology,Laptops,Gaming Laptop G5,8437.83,6,0.05,1369.03
ORD-01479,2025-02-12,2025-02-14,CUST-0139,Consumer,East,Florida,Miami,Technology,Phones,Budget Smartphone X,1461.35,4,0.1,174.5
ORD-01154,2025-02-12,2025-02-13,CUST-0148,Small Business,East,New York,Buffalo,Office Supplies,Binders,Premium Binder,104.36,7,0.2,14.34
ORD-00539,2025-02-13,2025-02-14,CUST-0275,Consumer,Central,Wisconsin,Milwaukee,Technology,Phones,Budget Smartphone X,856.7,2,0.0,175.89
ORD-00571,2025-02-13,2025-02-15,CUST-0284,Consumer,South,North Carolina,Greensboro,Office Supplies,Storage,File Storage Box,38.1,2,0.1,7.8
ORD-00953,2025-02-13,2025-02-17,CUST-0109,Corporate,West,Oregon,Portland,Technology,Laptops,Gaming Laptop G5,5125.18,4,0.1,551.98
ORD-01271,2025-02-13,2025-02-18,CUST-0369,Consumer,Central,Michigan,Detroit,Technology,Laptops,Business Laptop 14,4977.84,6,0.0,874.55
ORD-00897,2025-02-14,2025-02-18,CUST-0114,Small Business,West,Nevada,Reno,Furniture,Chairs,Visitor Chair,323.71,3,0.2,14.24
ORD-00771,2025-02-14,2025-02-18,CUST-0243,Consumer,West,Washington,Spokane,Technology,Accessories,Wireless Mouse,133.44,5,0.0,24.24
ORD-00595,2025-02-14,2025-02-16,CUST-0357,Consumer,South,Tennessee,Knoxville,Furniture,Tables,Side Table,316.43,2,0.05,42.72
ORD-00324,2025-02-14,2025-02-15,CUST-0264,Corporate,East,Florida,Miami,Furniture,Chairs,Visitor Chair,411.6,3,0.0,69.09
ORD-01066,2025-02-14,2025-02-18,CUST-0252,Small Business,Central,Texas,Houston,Furniture,Tables,Side Table,892.97,6,0.0,134.44
ORD-01030,2025-02-15,2025-02-16,CUST-0392,Corporate,Central,Texas,Austin,Furniture,Tables,Side Table,719.87,7,0.3,-3.42
ORD-00523,2025-02-15,2025-02-19,CUST-0016,Consumer,East,Florida,Jacksonville,Office Supplies,Paper,Copy Paper Box,34.16,1,0.0,9.76
ORD-00023,2025-02-15,2025-02-20,CUST-0161,Consumer,West,Oregon,Eugene,Furniture,Chairs,Executive Chair,1933.49,5,0.1,168.53
ORD-00248,2025-02-15,2025-02-19,CUST-0024,Consumer,West,Arizona,Tucson,Technology,Laptops,Ultrabook Air 13,3364.82,3,0.05,519.49
ORD-00606,2025-02-15,2025-02-18,CUST-0048,Consumer,West,Oregon,Portland,Technology,Accessories,Wireless Mouse,162.23,6,0.05,28.25
ORD-00705,2025-02-16,2025-02-19,CUST-0228,Consumer,Central,Ohio,Cleveland,Office Supplies,Storage,File Storage Box,105.9,5,0.0,29.78
ORD-01009,2025-02-16,2025-02-19,CUST-0172,Consumer,East,Pennsylvania,Allentown,Furniture,Tables,Meeting Table,2331.91,5,0.1,241.83
ORD-00842,2025-02-16,2025-02-17,CUST-0074,Small Business,South,Alabama,Montgomery,Furniture,Desks,Standing Desk,1280.14,3,0.15,85.44
ORD-00665,2025-02-16,2025-02-17,CUST-0349,Consumer,West,Arizona,Phoenix,Furniture,Chairs,Ergonomic Office Chair,533.65,2,0.0,82.77
ORD-00255,2025-02-16,2025-02-18,CUST-0015,Consumer,East,New York,Buffalo,Technology,Phones,Smartphone Pro 12,2364.65,3,0.0,391.91
ORD-00461,2025-02-17,2025-02-22,CUST-0293,Small Business,East,Virginia,Norfolk,Technology,Accessories,USB-C Hub,242.27,5,0.0,37.77
ORD-00430,2025-02-17,2025-02-19,CUST-0050,Consumer,South,Tennessee,Knoxville,Furniture,Tables,Meeting Table,2766.0,5,0.05,399.53
ORD-00058,2025-02-17,2025-02-19,CUST-0028,Small Business,West,California,San Diego,Technology,Accessories,Wireless Mouse,113.6,4,0.0,20.32
ORD-01400,2025-02-17,2025-02-18,CUST-0334,Consumer,Central,Illinois,Chicago,Technology,Laptops,Gaming Laptop G5,2949.39,2,0.0,429.31
ORD-00009,2025-02-17,2025-02-19,CUST-0255,Corporate,East,Georgia,Augusta,Technology,Accessories,Wireless Mouse,89.97,3,0.0,17.88
ORD-00931,2025-02-17,2025-02-20,CUST-0015,Corporate,Central,Ohio,Cincinnati,Office Supplies,Paper,Premium Printing Paper,38.17,1,0.1,7.1
ORD-00515,2025-02-18,2025-02-23,CUST-0254,Consumer,East,New York,Rochester,Technology,Phones,Smartphone Pro 12,3484.43,5,0.1,358.39
ORD-01416,2025-02-19,2025-02-22,CUST-0131,Corporate,South,North Carolina,Raleigh,Office Supplies,Paper,Premium Printing Paper,234.96,7,0.2,28.63
ORD-01397,2025-02-19,2025-02-24,CUST-0129,Consumer,East,Virginia,Norfolk,Technology,Laptops,Gaming Laptop G5,5550.46,5,0.2,394.19
ORD-00728,2025-02-20,2025-02-21,CUST-0019,Small Business,West,Nevada,Las Vegas,Furniture,Tables,Meeting Table,1947.01,4,0.15,156.73
ORD-00880,2025-02-20,2025-02-22,CUST-0121,Corporate,South,South Carolina,Charleston,Office Supplies,Binders,Document Folder Set,33.27,3,0.3,2.7
ORD-00534,2025-02-21,2025-02-23,CUST-0204,Corporate,West,Nevada,Reno,Technology,Accessories,Wireless Mouse,30.09,1,0.0,5.46
ORD-00164,2025-02-21,2025-02-22,CUST-0120,Consumer,South,Alabama,Mobile,Technology,Phones,Budget Smartphone X,720.85,2,0.15,83.08
ORD-01061,2025-02-21,2025-02-26,CUST-0292,Consumer,Central,Ohio,Cleveland,Furniture,Tables,Meeting Table,1421.64,3,0.1,139.43
ORD-00930,2025-02-21,2025-02-25,CUST-0083,Consumer,South,Alabama,Birmingham,Technology,Accessories,Wireless Mouse,24.86,1,0.15,2.54
ORD-00014,2025-02-21,2025-02-22,CUST-0385,Consumer,South,South Carolina,Charleston,Technology,Phones,5G Phone Max,447.83,1,0.3,5.46
ORD-01011,2025-02-21,2025-02-26,CUST-0352,Consumer,South,Louisiana,New Orleans,Office Supplies,Binders,Premium Binder,97.13,6,0.05,16.7
ORD-01183,2025-02-22,2025-02-26,CUST-0178,Consumer,Central,Michigan,Grand Rapids,Technology,Accessories,USB-C Hub,165.32,4,0.15,18.17
ORD-00511,2025-02-22,2025-02-25,CUST-0039,Corporate,East,Georgia,Augusta,Furniture,Desks,Compact Study Desk,538.35,3,0.15,44.04
ORD-00538,2025-02-22,2025-02-26,CUST-0046,Small Business,Central,Ohio,Cleveland,Furniture,Desks,Compact Study Desk,1158.59,7,0.2,60.87
ORD-00007,2025-02-22,2025-02-23,CUST-0136,Consumer,South,South Carolina,Charleston,Office Supplies,Binders,Premium Binder,116.24,7,0.0,27.04
ORD-00052,2025-02-23,2025-02-26,CUST-0103,Small Business,South,Louisiana,Baton Rouge,Office Supplies,Storage,Archive Box Set,212.26,7,0.15,36.16
ORD-00681,2025-02-23,2025-02-27,CUST-0257,Consumer,Central,Wisconsin,Milwaukee,Office Supplies,Paper,Recycled Paper Pack,24.89,1,0.1,4.51
ORD-01383,2025-02-23,2025-02-24,CUST-0180,Consumer,West,Arizona,Tucson,Technology,Phones,Smartphone Pro 12,1601.46,2,0.0,300.89
ORD-00726,2025-02-24,2025-02-27,CUST-0195,Consumer,East,Georgia,Augusta,Furniture,Chairs,Visitor Chair,947.16,7,0.0,161.8
ORD-01377,2025-02-24,2025-02-27,CUST-0391,Consumer,South,Tennessee,Nashville,Office Supplies,Paper,Recycled Paper Pack,63.45,3,0.2,6.64
ORD-00616,2025-02-25,2025-02-26,CUST-0073,Consumer,West,Washington,Spokane,Office Supplies,Storage,Archive Box Set,137.9,4,0.0,37.75
ORD-00851,2025-02-25,2025-02-28,CUST-0304,Consumer,Central,Michigan,Grand Rapids,Office Supplies,Paper,Copy Paper Box,156.1,5,0.05,34.9
ORD-00663,2025-02-25,2025-03-01,CUST-0250,Consumer,East,Pennsylvania,Allentown,Technology,Phones,5G Phone Max,3662.96,6,0.05,616.77
ORD-01052,2025-02-25,2025-02-27,CUST-0021,Corporate,East,Virginia,Norfolk,Technology,Laptops,Business Laptop 14,3656.87,4,0.05,511.65
ORD-01153,2025-02-26,2025-03-02,CUST-0027,Consumer,East,Virginia,Virginia Beach,Office Supplies,Paper,Premium Printing Paper,43.46,1,0.05,10.7
ORD-00644,2025-02-26,2025-03-03,CUST-0131,Consumer,East,Florida,Miami,Office Supplies,Binders,Document Folder Set,35.81,3,0.15,6.04
ORD-00150,2025-02-27,2025-03-03,CUST-0333,Consumer,East,Pennsylvania,Allentown,Technology,Accessories,Mechanical Keyboard,488.38,7,0.05,76.33
ORD-01166,2025-02-27,2025-02-28,CUST-0180,Consumer,West,California,San Diego,Technology,Laptops,Gaming Laptop G5,7871.16,6,0.0,1593.55
ORD-00193,2025-02-27,2025-03-03,CUST-0279,Consumer,South,South Carolina,Charleston,Technology,Laptops,Gaming Laptop G5,5034.64,4,0.1,530.02
ORD-01162,2025-02-27,2025-03-02,CUST-0059,Consumer,South,Tennessee,Knoxville,Technology,Phones,Budget Smartphone X,2538.42,6,0.0,398.61
ORD-00518,2025-02-27,2025-03-04,CUST-0342,Consumer,Central,Illinois,Chicago,Office Supplies,Paper,Premium Printing Paper,76.94,2,0.1,12.46
ORD-00478,2025-02-27,2025-03-04,CUST-0221,Consumer,Central,Ohio,Cleveland,Office Supplies,Storage,File Storage Box,83.84,5,0.2,12.2
ORD-00711,2025-02-28,2025-03-04,CUST-0189,Consumer,East,Virginia,Richmond,Office Supplies,Paper,Recycled Paper Pack,81.07,3,0.05,14.96
ORD-00767,2025-02-28,2025-03-01,CUST-0398,Corporate,West,California,Fresno,Technology,Laptops,Business Laptop 14,3912.94,5,0.15,452.91
ORD-01434,2025-02-28,2025-03-02,CUST-0266,Consumer,Central,Ohio,Cincinnati,Office Supplies,Binders,Premium Binder,74.11,5,0.15,12.08
ORD-00524,2025-02-28,2025-03-03,CUST-0397,Small Business,West,Oregon,Eugene,Office Supplies,Paper,Recycled Paper Pack,23.07,1,0.15,3.56
ORD-00284,2025-02-28,2025-03-03,CUST-0248,Consumer,South,South Carolina,Charleston,Technology,Phones,Budget Smartphone X,1656.4,5,0.2,133.71
ORD-00240,2025-02-28,2025-03-01,CUST-0349,Consumer,East,Pennsylvania,Allentown,Furniture,Desks,Compact Study Desk,646.75,3,0.0,87.04
ORD-00791,2025-03-01,2025-03-06,CUST-0291,Small Business,Central,Wisconsin,Milwaukee,Technology,Accessories,Mechanical Keyboard,587.91,7,0.0,107.62
ORD-00686,2025-03-02,2025-03-06,CUST-0055,Consumer,Central,Ohio,Cleveland,Technology,Phones,5G Phone Max,3143.82,6,0.2,252.5
ORD-01302,2025-03-02,2025-03-05,CUST-0287,Small Business,South,Tennessee,Nashville,Office Supplies,Storage,File Storage Box,54.73,3,0.1,8.11
ORD-00448,2025-03-02,2025-03-04,CUST-0115,Small Business,Central,Michigan,Grand Rapids,Office Supplies,Paper,Premium Printing Paper,225.17,6,0.15,30.25
ORD-00211,2025-03-02,2025-03-07,CUST-0340,Consumer,South,South Carolina,Charleston,Technology,Phones,Smartphone Pro 12,3869.65,5,0.05,582.98
ORD-00825,2025-03-02,2025-03-03,CUST-0057,Corporate,West,California,San Jose,Technology,Phones,Smartphone Pro 12,3000.84,4,0.0,596.47
ORD-01463,2025-03-02,2025-03-05,CUST-0129,Consumer,West,Arizona,Tucson,Office Supplies,Binders,Document Folder Set,53.1,5,0.3,4.68
ORD-00162,2025-03-03,2025-03-08,CUST-0213,Corporate,East,Georgia,Savannah,Office Supplies,Storage,Desktop Organizer,165.3,7,0.1,34.67
ORD-00038,2025-03-03,2025-03-07,CUST-0339,Consumer,South,North Carolina,Raleigh,Technology,Phones,Smartphone Pro 12,2327.7,3,0.0,494.41
ORD-00064,2025-03-03,2025-03-07,CUST-0113,Consumer,West,Washington,Tacoma,Office Supplies,Binders,Premium Binder,78.15,6,0.3,5.16
ORD-00008,2025-03-04,2025-03-08,CUST-0033,Corporate,East,Florida,Miami,Furniture,Tables,Meeting Table,978.99,2,0.05,148.56
ORD-01010,2025-03-04,2025-03-07,CUST-0170,Consumer,West,Oregon,Portland,Technology,Phones,Budget Smartphone X,2164.91,6,0.1,223.96
ORD-01085,2025-03-04,2025-03-09,CUST-0024,Corporate,South,Tennessee,Knoxville,Technology,Accessories,USB-C Hub,285.71,7,0.2,20.51
ORD-00640,2025-03-04,2025-03-05,CUST-0301,Consumer,Central,Ohio,Columbus,Technology,Accessories,USB-C Hub,92.14,2,0.0,18.86
ORD-00824,2025-03-05,2025-03-10,CUST-0079,Corporate,West,Nevada,Las Vegas,Technology,Phones,Smartphone Pro 12,2621.07,5,0.3,46.11
ORD-00700,2025-03-05,2025-03-06,CUST-0210,Small Business,East,New York,New York City,Office Supplies,Binders,Document Folder Set,43.99,3,0.05,8.87
ORD-01370,2025-03-05,2025-03-08,CUST-0367,Corporate,Central,Illinois,Springfield,Furniture,Chairs,Executive Chair,326.08,1,0.15,23.7
ORD-01307,2025-03-05,2025-03-06,CUST-0141,Consumer,East,Pennsylvania,Philadelphia,Furniture,Tables,Meeting Table,490.1,1,0.1,55.36
ORD-00440,2025-03-06,2025-03-11,CUST-0022,Consumer,Central,Texas,Houston,Technology,Accessories,Mechanical Keyboard,528.57,7,0.0,89.94
ORD-00671,2025-03-06,2025-03-08,CUST-0329,Consumer,South,Louisiana,Baton Rouge,Office Supplies,Paper,Premium Printing Paper,134.73,3,0.0,30.58
ORD-01023,2025-03-06,2025-03-09,CUST-0246,Corporate,South,Alabama,Mobile,Office Supplies,Binders,Document Folder Set,32.22,3,0.3,1.96
ORD-00100,2025-03-06,2025-03-07,CUST-0399,Consumer,Central,Texas,Austin,Technology,Laptops,Ultrabook Air 13,6243.86,6,0.1,908.59
ORD-01423,2025-03-06,2025-03-07,CUST-0054,Small Business,South,Alabama,Montgomery,Furniture,Tables,Side Table,616.17,4,0.0,98.38
ORD-01404,2025-03-07,2025-03-11,CUST-0292,Consumer,East,New York,Buffalo,Office Supplies,Paper,Premium Printing Paper,259.6,6,0.1,46.07
ORD-01316,2025-03-07,2025-03-08,CUST-0391,Consumer,East,Florida,Tampa,Technology,Phones,5G Phone Max,3896.81,7,0.1,455.99
ORD-01323,2025-03-07,2025-03-12,CUST-0133,Corporate,West,California,Fresno,Furniture,Desks,Standing Desk,462.28,1,0.0,88.33
ORD-00858,2025-03-07,2025-03-11,CUST-0043,Corporate,Central,Wisconsin,Madison,Office Supplies,Storage,Desktop Organizer,197.41,7,0.0,47.25
ORD-00642,2025-03-07,2025-03-12,CUST-0116,Small Business,Central,Michigan,Detroit,Furniture,Desks,Office Work Desk,1706.88,7,0.2,95.75
ORD-00459,2025-03-07,2025-03-09,CUST-0100,Consumer,Central,Texas,Austin,Office Supplies,Paper,Premium Printing Paper,154.11,4,0.2,19.97
ORD-00712,2025-03-07,2025-03-08,CUST-0018,Consumer,Central,Texas,San Antonio,Office Supplies,Binders,Document Folder Set,54.56,4,0.1,10.78
ORD-00875,2025-03-07,2025-03-11,CUST-0149,Consumer,West,Arizona,Phoenix,Office Supplies,Binders,A4 Ring Binder,50.6,5,0.2,6.79
ORD-00803,2025-03-08,2025-03-13,CUST-0257,Consumer,South,North Carolina,Raleigh,Technology,Phones,Budget Smartphone X,1531.89,4,0.0,285.71
ORD-01418,2025-03-08,2025-03-09,CUST-0239,Corporate,Central,Illinois,Chicago,Furniture,Chairs,Visitor Chair,696.54,6,0.15,45.46
ORD-01309,2025-03-08,2025-03-11,CUST-0310,Consumer,West,Washington,Spokane,Office Supplies,Binders,A4 Ring Binder,23.91,2,0.0,6.09
ORD-00630,2025-03-09,2025-03-12,CUST-0153,Consumer,West,Arizona,Tucson,Technology,Accessories,Wireless Mouse,68.26,3,0.15,6.19
ORD-00661,2025-03-09,2025-03-11,CUST-0200,Consumer,South,Louisiana,New Orleans,Office Supplies,Binders,Document Folder Set,39.72,3,0.1,7.35
ORD-00750,2025-03-09,2025-03-10,CUST-0175,Consumer,South,South Carolina,Columbia,Technology,Phones,Budget Smartphone X,413.72,1,0.0,60.78
ORD-00827,2025-03-09,2025-03-11,CUST-0246,Small Business,South,Tennessee,Memphis,Office Supplies,Paper,Premium Printing Paper,291.89,7,0.0,63.93
ORD-00822,2025-03-09,2025-03-10,CUST-0376,Consumer,West,California,San Diego,Office Supplies,Binders,A4 Ring Binder,52.56,5,0.1,10.71
ORD-00279,2025-03-10,2025-03-11,CUST-0141,Consumer,Central,Ohio,Columbus,Office Supplies,Storage,Desktop Organizer,128.64,5,0.0,29.41
ORD-00963,2025-03-10,2025-03-12,CUST-0099,Corporate,South,North Carolina,Raleigh,Office Supplies,Storage,Desktop Organizer,64.1,3,0.2,8.04
ORD-01031,2025-03-10,2025-03-15,CUST-0122,Consumer,Central,Ohio,Columbus,Technology,Laptops,Gaming Laptop G5,4601.58,4,0.2,284.03
ORD-00756,2025-03-10,2025-03-15,CUST-0387,Consumer,Central,Michigan,Grand Rapids,Office Supplies,Paper,Premium Printing Paper,220.05,5,0.05,44.14
ORD-00761,2025-03-10,2025-03-15,CUST-0257,Corporate,West,Arizona,Tucson,Office Supplies,Paper,Premium Printing Paper,80.03,2,0.15,11.39
ORD-00781,2025-03-10,2025-03-12,CUST-0008,Consumer,South,Louisiana,New Orleans,Technology,Accessories,Wireless Mouse,136.08,5,0.05,17.9
ORD-00713,2025-03-11,2025-03-14,CUST-0269,Corporate,Central,Michigan,Grand Rapids,Technology,Accessories,USB-C Hub,168.91,4,0.2,11.96
ORD-00348,2025-03-11,2025-03-14,CUST-0040,Consumer,West,Oregon,Eugene,Technology,Accessories,Mechanical Keyboard,339.33,5,0.15,35.16
ORD-01082,2025-03-11,2025-03-14,CUST-0036,Consumer,East,Virginia,Norfolk,Office Supplies,Binders,Document Folder Set,50.48,4,0.1,9.08
ORD-00149,2025-03-11,2025-03-15,CUST-0381,Consumer,West,Nevada,Las Vegas,Technology,Phones,5G Phone Max,3293.19,5,0.0,635.49
ORD-00507,2025-03-11,2025-03-13,CUST-0214,Consumer,West,Nevada,Las Vegas,Office Supplies,Storage,Archive Box Set,31.46,1,0.05,6.16
ORD-00187,2025-03-11,2025-03-16,CUST-0314,Small Business,East,Pennsylvania,Allentown,Office Supplies,Storage,File Storage Box,39.12,2,0.15,6.47
ORD-00371,2025-03-11,2025-03-15,CUST-0290,Consumer,South,North Carolina,Charlotte,Technology,Phones,5G Phone Max,3270.23,6,0.1,332.74
ORD-01476,2025-03-11,2025-03-12,CUST-0269,Consumer,East,Virginia,Norfolk,Furniture,Desks,Office Work Desk,1555.26,5,0.0,263.96
ORD-00274,2025-03-11,2025-03-15,CUST-0032,Consumer,Central,Michigan,Grand Rapids,Technology,Phones,5G Phone Max,2594.45,5,0.2,172.93
ORD-00768,2025-03-12,2025-03-15,CUST-0227,Consumer,Central,Ohio,Columbus,Office Supplies,Binders,Document Folder Set,26.52,2,0.1,4.26
ORD-00612,2025-03-12,2025-03-13,CUST-0290,Consumer,East,Pennsylvania,Pittsburgh,Technology,Laptops,Gaming Laptop G5,2603.52,2,0.0,511.64
ORD-01308,2025-03-12,2025-03-13,CUST-0069,Corporate,West,Nevada,Las Vegas,Technology,Accessories,USB-C Hub,91.3,2,0.0,14.63
ORD-00327,2025-03-13,2025-03-18,CUST-0036,Corporate,South,Alabama,Montgomery,Technology,Phones,Budget Smartphone X,1327.43,4,0.15,121.85
ORD-00145,2025-03-13,2025-03-15,CUST-0069,Consumer,South,North Carolina,Raleigh,Technology,Accessories,USB-C Hub,86.85,2,0.15,7.28
ORD-00693,2025-03-13,2025-03-17,CUST-0089,Consumer,Central,Wisconsin,Milwaukee,Furniture,Tables,Round Conference Table,1190.18,4,0.3,-4.87
ORD-00333,2025-03-13,2025-03-18,CUST-0200,Consumer,West,Arizona,Tucson,Technology,Phones,Budget Smartphone X,1136.26,3,0.0,231.17
ORD-00118,2025-03-13,2025-03-16,CUST-0214,Consumer,West,Washington,Spokane,Office Supplies,Storage,Desktop Organizer,77.1,3,0.1,15.86
ORD-00765,2025-03-13,2025-03-17,CUST-0072,Consumer,South,Tennessee,Nashville,Furniture,Tables,Meeting Table,1518.51,3,0.0,279.87
ORD-00769,2025-03-13,2025-03-14,CUST-0364,Consumer,East,Pennsylvania,Philadelphia,Office Supplies,Binders,A4 Ring Binder,85.87,7,0.05,17.03
ORD-00220,2025-03-14,2025-03-17,CUST-0048,Consumer,West,Washington,Spokane,Furniture,Tables,Side Table,596.15,4,0.1,52.55
ORD-01480,2025-03-14,2025-03-18,CUST-0006,Small Business,East,Pennsylvania,Philadelphia,Office Supplies,Binders,Premium Binder,85.93,5,0.0,23.29
ORD-01296,2025-03-14,2025-03-15,CUST-0043,Small Business,East,Florida,Orlando,Technology,Accessories,Wireless Mouse,55.52,2,0.1,6.48
ORD-00668,2025-03-15,2025-03-20,CUST-0175,Small Business,East,New York,Rochester,Furniture,Chairs,Visitor Chair,397.52,3,0.0,50.89
ORD-00318,2025-03-15,2025-03-18,CUST-0149,Consumer,West,Oregon,Portland,Office Supplies,Storage,Desktop Organizer,51.53,2,0.05,9.69
ORD-00184,2025-03-15,2025-03-19,CUST-0364,Corporate,South,Louisiana,Baton Rouge,Technology,Accessories,Mechanical Keyboard,233.42,3,0.05,39.38
ORD-00576,2025-03-15,2025-03-18,CUST-0357,Consumer,East,Virginia,Norfolk,Furniture,Tables,Side Table,896.07,6,0.0,163.53
ORD-01345,2025-03-15,2025-03-18,CUST-0125,Consumer,East,New York,Buffalo,Office Supplies,Binders,A4 Ring Binder,43.91,4,0.05,7.67
ORD-00323,2025-03-16,2025-03-19,CUST-0007,Consumer,South,Alabama,Montgomery,Technology,Laptops,Ultrabook Air 13,1144.88,1,0.1,165.03
ORD-00320,2025-03-16,2025-03-20,CUST-0193,Consumer,West,Nevada,Las Vegas,Office Supplies,Binders,Premium Binder,102.06,6,0.0,25.83
ORD-00200,2025-03-16,2025-03-20,CUST-0047,Corporate,West,California,Los Angeles,Furniture,Tables,Side Table,163.48,1,0.0,24.33
ORD-01401,2025-03-16,2025-03-20,CUST-0169,Corporate,West,Nevada,Las Vegas,Technology,Accessories,USB-C Hub,63.33,2,0.3,0.97
ORD-00177,2025-03-16,2025-03-19,CUST-0154,Consumer,South,Tennessee,Knoxville,Furniture,Chairs,Executive Chair,1550.98,4,0.05,228.55
ORD-00525,2025-03-16,2025-03-21,CUST-0176,Small Business,Central,Illinois,Peoria,Technology,Accessories,USB-C Hub,264.11,7,0.2,21.41
ORD-01371,2025-03-17,2025-03-22,CUST-0219,Small Business,West,Oregon,Portland,Office Supplies,Binders,Premium Binder,46.56,3,0.1,8.26
ORD-00031,2025-03-17,2025-03-19,CUST-0341,Consumer,Central,Ohio,Columbus,Technology,Phones,5G Phone Max,663.85,1,0.05,88.09
ORD-00410,2025-03-17,2025-03-22,CUST-0126,Consumer,East,Virginia,Norfolk,Office Supplies,Binders,A4 Ring Binder,8.92,1,0.3,0.71
ORD-00739,2025-03-17,2025-03-18,CUST-0086,Consumer,East,New York,Rochester,Furniture,Tables,Meeting Table,2031.56,4,0.05,240.59
ORD-00733,2025-03-18,2025-03-19,CUST-0149,Corporate,East,Georgia,Atlanta,Office Supplies,Paper,Copy Paper Box,184.24,7,0.15,30.87
ORD-00638,2025-03-18,2025-03-19,CUST-0152,Consumer,West,Washington,Seattle,Furniture,Chairs,Executive Chair,328.04,1,0.2,13.43
ORD-00632,2025-03-18,2025-03-20,CUST-0156,Corporate,East,New York,New York City,Technology,Laptops,Gaming Laptop G5,1261.14,1,0.05,191.22
ORD-00147,2025-03-18,2025-03-19,CUST-0280,Consumer,West,California,San Diego,Technology,Accessories,Wireless Mouse,54.47,2,0.05,9.03
ORD-00601,2025-03-18,2025-03-21,CUST-0359,Small Business,West,Washington,Seattle,Furniture,Chairs,Executive Chair,2365.95,7,0.2,118.28
ORD-01221,2025-03-18,2025-03-21,CUST-0269,Consumer,South,Louisiana,New Orleans,Technology,Accessories,Wireless Mouse,182.63,6,0.0,39.24
ORD-00372,2025-03-18,2025-03-21,CUST-0095,Consumer,Central,Texas,Dallas,Technology,Laptops,Ultrabook Air 13,7647.74,7,0.1,1095.96
ORD-00942,2025-03-18,2025-03-22,CUST-0053,Consumer,West,California,Fresno,Technology,Laptops,Ultrabook Air 13,7375.37,6,0.0,1531.01
ORD-00059,2025-03-19,2025-03-24,CUST-0274,Consumer,South,South Carolina,Charleston,Technology,Accessories,USB-C Hub,117.82,3,0.2,8.35
ORD-01250,2025-03-19,2025-03-22,CUST-0007,Consumer,South,Alabama,Birmingham,Office Supplies,Binders,Premium Binder,65.14,4,0.05,11.46
ORD-00808,2025-03-19,2025-03-21,CUST-0336,Corporate,South,North Carolina,Charlotte,Office Supplies,Storage,Archive Box Set,264.32,7,0.0,53.98
ORD-00460,2025-03-19,2025-03-22,CUST-0071,Small Business,South,Tennessee,Memphis,Office Supplies,Binders,A4 Ring Binder,23.95,2,0.05,5.29
ORD-00944,2025-03-19,2025-03-22,CUST-0280,Consumer,West,Washington,Tacoma,Furniture,Desks,Standing Desk,379.58,1,0.2,18.14
ORD-01291,2025-03-19,2025-03-22,CUST-0028,Corporate,West,Washington,Spokane,Technology,Phones,Budget Smartphone X,1023.17,3,0.1,117.8
ORD-01108,2025-03-20,2025-03-21,CUST-0178,Corporate,South,South Carolina,Columbia,Office Supplies,Paper,Copy Paper Box,116.33,4,0.15,19.84
ORD-00526,2025-03-20,2025-03-23,CUST-0112,Consumer,Central,Texas,Austin,Furniture,Desks,Office Work Desk,1320.4,4,0.0,208.65
ORD-01277,2025-03-21,2025-03-23,CUST-0120,Small Business,East,Florida,Tampa,Furniture,Chairs,Ergonomic Office Chair,1470.56,6,0.0,249.09
ORD-01238,2025-03-21,2025-03-26,CUST-0025,Small Business,East,Pennsylvania,Pittsburgh,Office Supplies,Storage,Archive Box Set,52.05,2,0.2,6.27
ORD-00696,2025-03-21,2025-03-22,CUST-0301,Small Business,South,Alabama,Montgomery,Office Supplies,Storage,File Storage Box,57.7,3,0.05,10.4
ORD-00787,2025-03-23,2025-03-26,CUST-0211,Consumer,East,Florida,Miami,Technology,Phones,5G Phone Max,3787.22,7,0.2,266.49
ORD-00691,2025-03-23,2025-03-28,CUST-0387,Consumer,Central,Michigan,Grand Rapids,Furniture,Tables,Side Table,288.96,2,0.1,33.12
ORD-00155,2025-03-23,2025-03-25,CUST-0347,Small Business,West,Oregon,Eugene,Furniture,Desks,Compact Study Desk,1358.7,7,0.05,173.04
ORD-00775,2025-03-23,2025-03-28,CUST-0223,Corporate,East,New York,Rochester,Furniture,Tables,Meeting Table,1119.34,2,0.05,138.23
ORD-00479,2025-03-24,2025-03-29,CUST-0309,Consumer,Central,Ohio,Cleveland,Furniture,Desks,Office Work Desk,2293.51,7,0.05,295.93
ORD-00826,2025-03-24,2025-03-27,CUST-0087,Consumer,West,California,Los Angeles,Furniture,Desks,Office Work Desk,2024.2,6,0.0,294.41
ORD-00886,2025-03-24,2025-03-29,CUST-0337,Consumer,West,Oregon,Eugene,Office Supplies,Paper,Recycled Paper Pack,112.13,4,0.0,25.07
ORD-01150,2025-03-24,2025-03-25,CUST-0241,Corporate,Central,Wisconsin,Milwaukee,Furniture,Desks,Standing Desk,1061.97,2,0.0,144.83
ORD-01074,2025-03-25,2025-03-29,CUST-0181,Small Business,Central,Michigan,Grand Rapids,Technology,Accessories,USB-C Hub,137.68,3,0.0,26.87
ORD-01156,2025-03-25,2025-03-30,CUST-0014,Consumer,South,Tennessee,Nashville,Office Supplies,Binders,Document Folder Set,62.77,5,0.15,10.59
ORD-00977,2025-03-25,2025-03-26,CUST-0368,Corporate,East,Florida,Jacksonville,Furniture,Tables,Side Table,972.18,6,0.05,115.8
ORD-00114,2025-03-25,2025-03-26,CUST-0387,Small Business,Central,Ohio,Cincinnati,Furniture,Chairs,Ergonomic Office Chair,1692.55,7,0.05,215.08
ORD-00846,2025-03-25,2025-03-29,CUST-0146,Corporate,South,Tennessee,Memphis,Technology,Accessories,USB-C Hub,214.68,5,0.05,37.2
ORD-00280,2025-03-25,2025-03-27,CUST-0017,Corporate,Central,Ohio,Cleveland,Furniture,Desks,Compact Study Desk,323.01,2,0.2,15.83
ORD-01441,2025-03-26,2025-03-30,CUST-0188,Consumer,West,Nevada,Las Vegas,Technology,Phones,5G Phone Max,627.35,1,0.1,67.54
ORD-00934,2025-03-26,2025-03-31,CUST-0049,Consumer,East,Florida,Tampa,Office Supplies,Storage,Archive Box Set,71.42,2,0.05,16.53
ORD-01312,2025-03-26,2025-03-30,CUST-0055,Consumer,South,North Carolina,Charlotte,Furniture,Tables,Round Conference Table,448.44,1,0.0,83.19
ORD-00551,2025-03-26,2025-03-29,CUST-0343,Corporate,East,Georgia,Augusta,Technology,Accessories,Wireless Mouse,168.58,7,0.1,24.95
ORD-00587,2025-03-26,2025-03-29,CUST-0062,Consumer,West,Arizona,Tucson,Technology,Phones,5G Phone Max,620.74,1,0.1,84.82
ORD-01115,2025-03-26,2025-03-31,CUST-0327,Consumer,Central,Ohio,Columbus,Technology,Accessories,Wireless Mouse,137.2,5,0.1,14.12
ORD-00190,2025-03-27,2025-03-29,CUST-0098,Consumer,West,California,San Diego,Office Supplies,Binders,A4 Ring Binder,61.58,5,0.0,13.1
ORD-00592,2025-03-27,2025-03-30,CUST-0276,Small Business,East,Florida,Orlando,Office Supplies,Paper,Recycled Paper Pack,94.59,4,0.1,14.88
ORD-00467,2025-03-27,2025-04-01,CUST-0057,Consumer,South,South Carolina,Charleston,Technology,Accessories,Mechanical Keyboard,420.43,6,0.05,76.23
ORD-00901,2025-03-27,2025-03-30,CUST-0185,Small Business,South,Tennessee,Knoxville,Technology,Phones,5G Phone Max,2317.89,4,0.15,188.45
ORD-01445,2025-03-28,2025-03-29,CUST-0357,Consumer,South,South Carolina,Charleston,Furniture,Chairs,Ergonomic Office Chair,712.14,3,0.1,80.64
ORD-00795,2025-03-28,2025-03-31,CUST-0156,Consumer,East,Pennsylvania,Pittsburgh,Technology,Accessories,USB-C Hub,92.83,2,0.0,16.71
ORD-01422,2025-03-28,2025-03-29,CUST-0202,Small Business,East,New York,New York City,Office Supplies,Storage,Desktop Organizer,49.71,2,0.05,8.88
ORD-00084,2025-03-29,2025-04-03,CUST-0036,Consumer,Central,Ohio,Columbus,Office Supplies,Storage,Desktop Organizer,176.52,7,0.1,37.2
ORD-01447,2025-03-29,2025-03-31,CUST-0240,Consumer,South,Louisiana,Baton Rouge,Office Supplies,Binders,Premium Binder,90.07,6,0.15,16.52
ORD-01381,2025-03-29,2025-04-03,CUST-0387,Small Business,East,Florida,Jacksonville,Furniture,Tables,Round Conference Table,927.87,3,0.3,-4.01
ORD-00293,2025-03-29,2025-04-03,CUST-0202,Consumer,South,Alabama,Montgomery,Office Supplies,Paper,Premium Printing Paper,42.55,1,0.0,8.83
ORD-01378,2025-03-29,2025-04-02,CUST-0087,Consumer,West,Arizona,Tucson,Office Supplies,Binders,Premium Binder,33.46,2,0.05,6.76
ORD-00413,2025-03-29,2025-03-31,CUST-0296,Consumer,East,Florida,Orlando,Technology,Accessories,Mechanical Keyboard,215.6,3,0.1,30.14
ORD-01333,2025-03-30,2025-03-31,CUST-0397,Corporate,Central,Texas,Dallas,Furniture,Chairs,Executive Chair,2583.42,7,0.05,408.78
ORD-01390,2025-03-30,2025-03-31,CUST-0119,Consumer,East,Georgia,Augusta,Office Supplies,Paper,Recycled Paper Pack,83.84,3,0.0,19.33
ORD-01070,2025-03-30,2025-04-03,CUST-0313,Consumer,West,Washington,Spokane,Office Supplies,Binders,Premium Binder,47.68,3,0.05,11.06
ORD-00330,2025-03-30,2025-03-31,CUST-0040,Small Business,South,South Carolina,Charleston,Office Supplies,Paper,Recycled Paper Pack,186.0,7,0.1,41.15
ORD-01276,2025-03-30,2025-04-01,CUST-0372,Corporate,South,North Carolina,Raleigh,Technology,Laptops,Gaming Laptop G5,1340.52,1,0.0,281.6
ORD-00194,2025-03-30,2025-04-01,CUST-0042,Corporate,East,Pennsylvania,Allentown,Furniture,Desks,Office Work Desk,1276.49,4,0.0,215.89
ORD-00477,2025-03-31,2025-04-05,CUST-0368,Consumer,West,California,Fresno,Office Supplies,Paper,Recycled Paper Pack,93.09,5,0.3,6.83
ORD-00529,2025-03-31,2025-04-03,CUST-0353,Consumer,West,California,Fresno,Technology,Accessories,Mechanical Keyboard,81.42,1,0.0,15.68
ORD-00946,2025-03-31,2025-04-04,CUST-0367,Consumer,Central,Texas,San Antonio,Office Supplies,Paper,Premium Printing Paper,151.35,4,0.1,30.17
ORD-00520,2025-03-31,2025-04-02,CUST-0302,Corporate,West,Oregon,Portland,Office Supplies,Storage,File Storage Box,90.67,5,0.2,10.77
ORD-01062,2025-04-01,2025-04-06,CUST-0016,Small Business,South,Louisiana,New Orleans,Technology,Phones,Smartphone Pro 12,2614.8,4,0.15,219.36
ORD-00603,2025-04-02,2025-04-07,CUST-0309,Consumer,East,New York,New York City,Office Supplies,Storage,Desktop Organizer,22.46,1,0.15,2.9
ORD-01241,2025-04-02,2025-04-07,CUST-0342,Small Business,Central,Texas,Austin,Technology,Phones,Smartphone Pro 12,2402.66,3,0.0,357.03
ORD-01117,2025-04-03,2025-04-05,CUST-0003,Consumer,West,Nevada,Las Vegas,Technology,Phones,Smartphone Pro 12,1334.91,2,0.2,101.6
ORD-00996,2025-04-03,2025-04-08,CUST-0158,Corporate,East,Virginia,Richmond,Office Supplies,Storage,Archive Box Set,145.19,4,0.0,31.46
ORD-00257,2025-04-03,2025-04-07,CUST-0355,Consumer,South,Alabama,Birmingham,Furniture,Tables,Meeting Table,842.14,2,0.2,49.87
ORD-00651,2025-04-03,2025-04-07,CUST-0194,Small Business,West,Nevada,Reno,Furniture,Desks,Office Work Desk,2280.65,7,0.05,294.06
ORD-00759,2025-04-03,2025-04-06,CUST-0231,Consumer,West,Nevada,Reno,Technology,Phones,Smartphone Pro 12,3889.89,5,0.0,833.5
ORD-00116,2025-04-03,2025-04-04,CUST-0382,Consumer,West,Oregon,Eugene,Technology,Phones,Smartphone Pro 12,2124.61,4,0.3,31.39
ORD-01366,2025-04-04,2025-04-08,CUST-0277,Consumer,Central,Michigan,Grand Rapids,Office Supplies,Paper,Premium Printing Paper,238.92,6,0.05,59.78
ORD-00067,2025-04-05,2025-04-09,CUST-0320,Corporate,West,Arizona,Tucson,Office Supplies,Binders,Document Folder Set,14.71,1,0.0,4.13
ORD-01489,2025-04-05,2025-04-07,CUST-0134,Corporate,South,Alabama,Montgomery,Technology,Laptops,Gaming Laptop G5,7027.23,6,0.1,1010.45
ORD-00277,2025-04-05,2025-04-08,CUST-0179,Consumer,South,Alabama,Montgomery,Furniture,Chairs,Ergonomic Office Chair,1771.18,7,0.05,267.6
ORD-00814,2025-04-05,2025-04-09,CUST-0217,Corporate,East,Georgia,Savannah,Office Supplies,Binders,Premium Binder,94.96,6,0.1,14.11
ORD-01065,2025-04-05,2025-04-10,CUST-0294,Corporate,Central,Wisconsin,Madison,Office Supplies,Paper,Premium Printing Paper,325.04,7,0.0,63.11
ORD-00853,2025-04-06,2025-04-09,CUST-0342,Small Business,East,New York,New York City,Office Supplies,Storage,Archive Box Set,27.35,1,0.2,3.2
ORD-01408,2025-04-06,2025-04-08,CUST-0391,Corporate,West,Arizona,Phoenix,Office Supplies,Binders,A4 Ring Binder,31.35,3,0.15,4.41
ORD-00446,2025-04-07,2025-04-12,CUST-0154,Small Business,East,Virginia,Virginia Beach,Technology,Phones,Smartphone Pro 12,1273.26,2,0.15,148.04
ORD-01282,2025-04-07,2025-04-08,CUST-0279,Corporate,Central,Wisconsin,Milwaukee,Furniture,Chairs,Visitor Chair,269.25,2,0.0,39.04
ORD-00997,2025-04-08,2025-04-09,CUST-0298,Consumer,Central,Ohio,Cleveland,Office Supplies,Binders,Premium Binder,33.86,2,0.0,7.52
ORD-00016,2025-04-08,2025-04-10,CUST-0147,Consumer,Central,Ohio,Cincinnati,Furniture,Tables,Round Conference Table,1745.99,5,0.2,77.53
ORD-00483,2025-04-08,2025-04-11,CUST-0214,Corporate,East,New York,Buffalo,Furniture,Tables,Side Table,492.11,4,0.2,24.36
ORD-01455,2025-04-08,2025-04-13,CUST-0049,Consumer,Central,Michigan,Grand Rapids,Technology,Laptops,Ultrabook Air 13,2291.06,2,0.0,362.22
ORD-00326,2025-04-08,2025-04-09,CUST-0296,Consumer,Central,Michigan,Grand Rapids,Office Supplies,Paper,Premium Printing Paper,171.82,4,0.05,43.6
ORD-01294,2025-04-08,2025-04-13,CUST-0075,Consumer,Central,Wisconsin,Madison,Technology,Laptops,Ultrabook Air 13,3979.16,4,0.2,285.33
ORD-00421,2025-04-09,2025-04-13,CUST-0279,Small Business,West,Arizona,Tucson,Office Supplies,Binders,A4 Ring Binder,42.5,4,0.15,6.19
ORD-00019,2025-04-09,2025-04-10,CUST-0099,Small Business,East,Florida,Jacksonville,Furniture,Tables,Meeting Table,1786.72,4,0.2,71.8
ORD-00544,2025-04-09,2025-04-13,CUST-0386,Consumer,Central,Ohio,Cincinnati,Technology,Phones,Smartphone Pro 12,3964.05,5,0.05,536.93
ORD-00943,2025-04-09,2025-04-11,CUST-0317,Consumer,East,Virginia,Virginia Beach,Technology,Accessories,USB-C Hub,117.51,3,0.15,13.74
ORD-00662,2025-04-09,2025-04-11,CUST-0339,Consumer,East,New York,Buffalo,Technology,Accessories,USB-C Hub,327.88,7,0.0,58.2
ORD-00530,2025-04-09,2025-04-13,CUST-0355,Small Business,Central,Illinois,Peoria,Technology,Phones,5G Phone Max,1528.4,3,0.2,112.58
ORD-00646,2025-04-10,2025-04-14,CUST-0243,Small Business,West,Washington,Tacoma,Office Supplies,Storage,File Storage Box,165.93,7,0.0,37.97
ORD-01293,2025-04-10,2025-04-11,CUST-0328,Corporate,East,Virginia,Norfolk,Technology,Phones,Smartphone Pro 12,2725.77,4,0.15,242.98
ORD-01281,2025-04-10,2025-04-12,CUST-0296,Consumer,West,Oregon,Eugene,Office Supplies,Binders,A4 Ring Binder,38.42,4,0.2,4.53
ORD-00950,2025-04-10,2025-04-12,CUST-0157,Consumer,Central,Michigan,Detroit,Furniture,Chairs,Visitor Chair,916.22,7,0.0,154.39
ORD-00425,2025-04-10,2025-04-15,CUST-0007,Consumer,East,Florida,Miami,Office Supplies,Storage,Desktop Organizer,96.98,4,0.1,18.27
ORD-00565,2025-04-10,2025-04-14,CUST-0388,Consumer,Central,Ohio,Cincinnati,Technology,Accessories,Wireless Mouse,56.27,2,0.0,10.62
ORD-00328,2025-04-11,2025-04-16,CUST-0192,Corporate,Central,Michigan,Detroit,Technology,Accessories,USB-C Hub,270.47,6,0.05,42.29
ORD-00062,2025-04-11,2025-04-15,CUST-0350,Corporate,Central,Michigan,Grand Rapids,Technology,Accessories,Wireless Mouse,150.02,6,0.1,15.77
ORD-01331,2025-04-11,2025-04-15,CUST-0374,Consumer,South,Tennessee,Memphis,Office Supplies,Binders,A4 Ring Binder,58.18,5,0.1,11.07
ORD-00231,2025-04-12,2025-04-14,CUST-0092,Corporate,East,New York,Buffalo,Technology,Accessories,Wireless Mouse,82.88,3,0.1,12.35
ORD-00139,2025-04-12,2025-04-16,CUST-0117,Consumer,Central,Ohio,Cincinnati,Office Supplies,Paper,Premium Printing Paper,45.24,1,0.05,9.69
ORD-01372,2025-04-12,2025-04-15,CUST-0347,Corporate,East,Pennsylvania,Pittsburgh,Technology,Laptops,Business Laptop 14,3562.51,5,0.2,273.59
ORD-00949,2025-04-12,2025-04-14,CUST-0028,Consumer,Central,Illinois,Springfield,Office Supplies,Paper,Recycled Paper Pack,163.48,7,0.15,24.0
ORD-00562,2025-04-13,2025-04-15,CUST-0031,Consumer,West,California,Los Angeles,Office Supplies,Storage,File Storage Box,38.5,2,0.15,5.3
ORD-01262,2025-04-13,2025-04-15,CUST-0375,Corporate,West,California,San Jose,Furniture,Chairs,Visitor Chair,123.9,1,0.0,20.85
ORD-00422,2025-04-13,2025-04-14,CUST-0130,Consumer,South,Louisiana,Shreveport,Technology,Phones,5G Phone Max,4393.32,7,0.1,525.78
ORD-00546,2025-04-13,2025-04-18,CUST-0297,Corporate,West,Nevada,Reno,Technology,Laptops,Business Laptop 14,823.92,1,0.1,119.16
ORD-00496,2025-04-13,2025-04-15,CUST-0327,Small Business,South,South Carolina,Columbia,Office Supplies,Paper,Recycled Paper Pack,150.38,7,0.2,19.16
ORD-00666,2025-04-13,2025-04-17,CUST-0114,Small Business,South,South Carolina,Charleston,Technology,Phones,5G Phone Max,3195.9,6,0.2,217.81
ORD-00001,2025-04-13,2025-04-16,CUST-0150,Corporate,South,Louisiana,Shreveport,Office Supplies,Storage,Desktop Organizer,80.47,3,0.0,18.03
ORD-00302,2025-04-13,2025-04-17,CUST-0144,Corporate,West,California,Los Angeles,Furniture,Tables,Meeting Table,1512.76,3,0.1,170.82
ORD-00631,2025-04-14,2025-04-15,CUST-0156,Small Business,East,Pennsylvania,Pittsburgh,Furniture,Desks,Office Work Desk,1228.76,4,0.05,141.95
ORD-01036,2025-04-14,2025-04-19,CUST-0361,Corporate,West,Washington,Tacoma,Office Supplies,Binders,Document Folder Set,13.49,1,0.15,1.71
ORD-00623,2025-04-14,2025-04-18,CUST-0317,Consumer,Central,Illinois,Chicago,Furniture,Desks,Compact Study Desk,419.58,2,0.05,57.79
ORD-00679,2025-04-14,2025-04-19,CUST-0176,Corporate,Central,Illinois,Chicago,Office Supplies,Storage,Archive Box Set,25.87,1,0.2,3.16
ORD-01270,2025-04-14,2025-04-17,CUST-0243,Corporate,East,Georgia,Atlanta,Office Supplies,Binders,Premium Binder,63.2,4,0.1,12.5
ORD-00093,2025-04-14,2025-04-17,CUST-0305,Consumer,Central,Texas,Austin,Technology,Accessories,Mechanical Keyboard,417.11,6,0.1,43.62
ORD-00381,2025-04-14,2025-04-16,CUST-0261,Corporate,East,Virginia,Virginia Beach,Office Supplies,Storage,Desktop Organizer,199.03,7,0.0,55.76
ORD-00817,2025-04-14,2025-04-15,CUST-0166,Small Business,Central,Texas,Houston,Office Supplies,Binders,Document Folder Set,50.01,4,0.1,9.68
ORD-00252,2025-04-14,2025-04-15,CUST-0119,Small Business,East,Georgia,Atlanta,Office Supplies,Binders,Document Folder Set,52.97,4,0.05,13.32
ORD-00810,2025-04-14,2025-04-16,CUST-0274,Consumer,Central,Wisconsin,Milwaukee,Technology,Laptops,Business Laptop 14,845.23,1,0.0,133.0
ORD-00217,2025-04-15,2025-04-18,CUST-0117,Corporate,Central,Illinois,Peoria,Technology,Laptops,Gaming Laptop G5,7929.74,6,0.0,1240.0
ORD-00590,2025-04-15,2025-04-17,CUST-0224,Consumer,South,South Carolina,Charleston,Furniture,Chairs,Visitor Chair,130.12,1,0.05,19.14
ORD-00633,2025-04-15,2025-04-18,CUST-0331,Consumer,West,California,San Diego,Office Supplies,Paper,Recycled Paper Pack,62.97,3,0.2,9.31
ORD-00785,2025-04-15,2025-04-16,CUST-0220,Small Business,West,Nevada,Las Vegas,Office Supplies,Storage,Archive Box Set,244.52,7,0.0,54.33
ORD-00577,2025-04-15,2025-04-16,CUST-0202,Consumer,Central,Ohio,Cleveland,Furniture,Tables,Meeting Table,1671.89,3,0.05,183.04
ORD-01089,2025-04-16,2025-04-20,CUST-0263,Consumer,Central,Ohio,Columbus,Office Supplies,Binders,Document Folder Set,13.78,1,0.05,2.42
ORD-00393,2025-04-16,2025-04-18,CUST-0138,Corporate,East,Georgia,Savannah,Technology,Accessories,Wireless Mouse,46.42,2,0.15,3.98
ORD-00464,2025-04-16,2025-04-17,CUST-0383,Corporate,West,California,Fresno,Technology,Phones,Budget Smartphone X,776.09,2,0.0,138.98
ORD-00899,2025-04-16,2025-04-21,CUST-0116,Consumer,West,Nevada,Las Vegas,Technology,Accessories,Wireless Mouse,46.22,2,0.2,3.88
ORD-00121,2025-04-16,2025-04-18,CUST-0204,Small Business,East,Virginia,Virginia Beach,Technology,Accessories,Mechanical Keyboard,58.67,1,0.2,4.17
ORD-00340,2025-04-17,2025-04-19,CUST-0102,Consumer,South,South Carolina,Columbia,Office Supplies,Storage,File Storage Box,22.62,1,0.0,5.57
ORD-01203,2025-04-17,2025-04-18,CUST-0088,Consumer,West,Arizona,Phoenix,Furniture,Tables,Side Table,579.03,4,0.15,46.86
ORD-00141,2025-04-17,2025-04-22,CUST-0052,Consumer,East,Georgia,Augusta,Furniture,Tables,Meeting Table,2441.45,5,0.05,321.66
ORD-00542,2025-04-17,2025-04-19,CUST-0369,Corporate,East,New York,Rochester,Technology,Laptops,Business Laptop 14,5610.69,7,0.1,597.73
ORD-01439,2025-04-17,2025-04-19,CUST-0079,Corporate,West,Nevada,Las Vegas,Technology,Laptops,Ultrabook Air 13,2235.58,2,0.05,337.51
ORD-01192,2025-04-17,2025-04-18,CUST-0137,Consumer,East,Virginia,Richmond,Office Supplies,Paper,Premium Printing Paper,92.59,2,0.0,20.09
ORD-00792,2025-04-17,2025-04-18,CUST-0098,Consumer,South,Tennessee,Knoxville,Office Supplies,Storage,Desktop Organizer,75.94,3,0.05,16.44
ORD-00840,2025-04-17,2025-04-20,CUST-0136,Consumer,South,North Carolina,Charlotte,Technology,Phones,Budget Smartphone X,1094.77,3,0.1,139.37
ORD-00904,2025-04-17,2025-04-18,CUST-0344,Corporate,South,South Carolina,Columbia,Office Supplies,Paper,Premium Printing Paper,167.28,4,0.0,38.1
ORD-00868,2025-04-17,2025-04-20,CUST-0343,Small Business,South,Louisiana,Shreveport,Technology,Phones,Budget Smartphone X,2377.03,7,0.1,238.63
ORD-00292,2025-04-17,2025-04-20,CUST-0310,Corporate,West,Nevada,Reno,Technology,Accessories,Mechanical Keyboard,80.14,1,0.0,13.89
ORD-00489,2025-04-18,2025-04-23,CUST-0120,Corporate,Central,Texas,Houston,Office Supplies,Storage,Desktop Organizer,190.43,7,0.0,52.84
ORD-01140,2025-04-18,2025-04-21,CUST-0342,Consumer,West,Washington,Tacoma,Technology,Accessories,Mechanical Keyboard,135.91,2,0.2,11.14
ORD-00028,2025-04-18,2025-04-20,CUST-0158,Consumer,West,Nevada,Reno,Office Supplies,Storage,Archive Box Set,230.6,7,0.0,65.74
ORD-00298,2025-04-18,2025-04-20,CUST-0201,Consumer,Central,Texas,Dallas,Technology,Laptops,Gaming Laptop G5,8574.83,6,0.0,1594.18
ORD-00921,2025-04-19,2025-04-23,CUST-0269,Consumer,Central,Illinois,Peoria,Technology,Accessories,Wireless Mouse,54.73,2,0.0,10.46
ORD-00382,2025-04-19,2025-04-24,CUST-0251,Corporate,East,Virginia,Norfolk,Furniture,Tables,Side Table,154.49,1,0.0,25.26
ORD-00588,2025-04-19,2025-04-22,CUST-0240,Corporate,East,Georgia,Augusta,Technology,Phones,5G Phone Max,629.95,1,0.1,71.75
ORD-01443,2025-04-20,2025-04-23,CUST-0122,Consumer,West,Arizona,Tucson,Technology,Accessories,Mechanical Keyboard,71.56,1,0.15,6.55
ORD-00442,2025-04-20,2025-04-21,CUST-0179,Consumer,South,Tennessee,Knoxville,Technology,Accessories,Mechanical Keyboard,418.05,5,0.0,63.77
ORD-01055,2025-04-20,2025-04-22,CUST-0306,Corporate,South,Tennessee,Knoxville,Furniture,Chairs,Ergonomic Office Chair,413.63,2,0.1,38.5
ORD-00859,2025-04-20,2025-04-23,CUST-0138,Consumer,East,Pennsylvania,Philadelphia,Technology,Accessories,Wireless Mouse,175.72,7,0.15,14.03
ORD-00071,2025-04-21,2025-04-25,CUST-0086,Corporate,West,California,Fresno,Office Supplies,Binders,A4 Ring Binder,10.94,1,0.05,2.55
ORD-01063,2025-04-21,2025-04-24,CUST-0390,Consumer,South,North Carolina,Greensboro,Office Supplies,Storage,File Storage Box,82.77,5,0.2,8.99
ORD-00228,2025-04-21,2025-04-25,CUST-0005,Corporate,Central,Ohio,Cincinnati,Office Supplies,Paper,Premium Printing Paper,38.01,1,0.15,6.54
ORD-01318,2025-04-22,2025-04-23,CUST-0167,Consumer,East,Virginia,Virginia Beach,Office Supplies,Binders,A4 Ring Binder,69.26,6,0.0,16.17
ORD-01467,2025-04-22,2025-04-24,CUST-0307,Consumer,West,Washington,Tacoma,Office Supplies,Binders,A4 Ring Binder,41.35,4,0.15,6.23
ORD-00414,2025-04-22,2025-04-25,CUST-0249,Consumer,West,Arizona,Phoenix,Technology,Phones,Smartphone Pro 12,2778.92,4,0.1,278.79
ORD-00176,2025-04-22,2025-04-23,CUST-0020,Consumer,West,California,Fresno,Furniture,Desks,Standing Desk,1615.84,4,0.15,148.17
ORD-01053,2025-04-22,2025-04-26,CUST-0380,Consumer,East,Pennsylvania,Philadelphia,Technology,Phones,Budget Smartphone X,2345.98,6,0.05,428.96
ORD-00428,2025-04-22,2025-04-25,CUST-0001,Consumer,South,Tennessee,Knoxville,Office Supplies,Storage,Desktop Organizer,99.35,4,0.1,16.96
ORD-01083,2025-04-22,2025-04-24,CUST-0330,Consumer,East,Georgia,Atlanta,Technology,Accessories,Mechanical Keyboard,421.1,7,0.2,32.86
ORD-01263,2025-04-22,2025-04-26,CUST-0126,Small Business,East,Virginia,Virginia Beach,Office Supplies,Paper,Premium Printing Paper,85.54,2,0.1,12.72
ORD-01157,2025-04-23,2025-04-26,CUST-0396,Consumer,West,Arizona,Tucson,Technology,Laptops,Business Laptop 14,6247.74,7,0.0,1030.42
ORD-01072,2025-04-23,2025-04-27,CUST-0270,Corporate,East,Pennsylvania,Allentown,Technology,Phones,Budget Smartphone X,2657.51,7,0.0,385.72
ORD-00405,2025-04-23,2025-04-24,CUST-0377,Consumer,West,Nevada,Las Vegas,Office Supplies,Binders,Premium Binder,33.85,2,0.0,6.9
ORD-00532,2025-04-24,2025-04-27,CUST-0270,Consumer,Central,Texas,Austin,Furniture,Tables,Meeting Table,1864.49,4,0.1,221.07
ORD-00036,2025-04-24,2025-04-25,CUST-0099,Consumer,West,Oregon,Portland,Office Supplies,Binders,Premium Binder,74.89,4,0.0,20.18
ORD-00533,2025-04-24,2025-04-25,CUST-0092,Consumer,Central,Illinois,Springfield,Furniture,Tables,Round Conference Table,355.81,1,0.15,26.62
ORD-01067,2025-04-24,2025-04-27,CUST-0373,Consumer,East,New York,Buffalo,Office Supplies,Paper,Copy Paper Box,112.93,4,0.05,20.82
ORD-00427,2025-04-25,2025-04-28,CUST-0276,Consumer,Central,Illinois,Peoria,Technology,Accessories,Mechanical Keyboard,340.46,5,0.1,50.11
ORD-00802,2025-04-25,2025-04-28,CUST-0054,Consumer,South,North Carolina,Greensboro,Furniture,Tables,Round Conference Table,1724.57,4,0.0,239.9
ORD-00999,2025-04-25,2025-04-30,CUST-0148,Consumer,South,Alabama,Mobile,Technology,Laptops,Gaming Laptop G5,2447.62,2,0.1,247.87
ORD-00087,2025-04-25,2025-04-30,CUST-0098,Corporate,West,California,Fresno,Office Supplies,Binders,A4 Ring Binder,65.94,6,0.15,10.49
ORD-01206,2025-04-25,2025-04-26,CUST-0241,Consumer,West,California,San Diego,Technology,Accessories,USB-C Hub,341.38,7,0.0,51.45
ORD-00181,2025-04-26,2025-04-29,CUST-0399,Corporate,West,Oregon,Eugene,Furniture,Desks,Office Work Desk,319.36,1,0.05,47.15
ORD-00264,2025-04-26,2025-04-30,CUST-0197,Consumer,East,Pennsylvania,Allentown,Technology,Laptops,Business Laptop 14,924.83,1,0.0,148.15
ORD-01242,2025-04-27,2025-04-30,CUST-0075,Corporate,Central,Michigan,Detroit,Furniture,Tables,Round Conference Table,1324.36,3,0.05,183.36
ORD-00390,2025-04-27,2025-04-28,CUST-0007,Small Business,West,Arizona,Tucson,Furniture,Chairs,Executive Chair,2338.22,6,0.05,296.92
ORD-01171,2025-04-27,2025-04-28,CUST-0017,Consumer,Central,Wisconsin,Milwaukee,Furniture,Chairs,Ergonomic Office Chair,695.44,3,0.05,82.72
ORD-01415,2025-04-27,2025-04-28,CUST-0012,Corporate,Central,Illinois,Springfield,Office Supplies,Binders,A4 Ring Binder,30.83,3,0.15,5.74
ORD-01099,2025-04-28,2025-05-03,CUST-0171,Corporate,South,Tennessee,Nashville,Technology,Phones,Smartphone Pro 12,4492.91,7,0.2,351.18
ORD-01141,2025-04-28,2025-05-01,CUST-0246,Consumer,East,Pennsylvania,Pittsburgh,Technology,Accessories,Wireless Mouse,151.4,6,0.1,17.64
ORD-01245,2025-04-28,2025-05-01,CUST-0191,Consumer,Central,Ohio,Cincinnati,Technology,Accessories,Wireless Mouse,146.9,6,0.1,21.37
ORD-01474,2025-04-29,2025-05-02,CUST-0292,Corporate,West,California,Los Angeles,Office Supplies,Paper,Premium Printing Paper,118.44,3,0.15,19.11
ORD-00402,2025-04-29,2025-05-01,CUST-0271,Consumer,West,California,San Diego,Technology,Accessories,Wireless Mouse,61.13,2,0.0,11.19
ORD-01485,2025-04-30,2025-05-02,CUST-0092,Consumer,Central,Texas,Houston,Office Supplies,Binders,Premium Binder,114.96,6,0.0,22.99
ORD-00314,2025-04-30,2025-05-03,CUST-0182,Consumer,Central,Illinois,Springfield,Technology,Accessories,Wireless Mouse,149.5,7,0.3,2.55
ORD-00793,2025-04-30,2025-05-04,CUST-0372,Consumer,West,California,Fresno,Office Supplies,Storage,Desktop Organizer,96.23,4,0.05,19.96
ORD-00690,2025-05-01,2025-05-03,CUST-0087,Small Business,West,Washington,Spokane,Office Supplies,Paper,Premium Printing Paper,37.94,1,0.2,5.91
ORD-01267,2025-05-01,2025-05-04,CUST-0185,Small Business,East,Virginia,Norfolk,Technology,Accessories,USB-C Hub,353.92,7,0.0,62.59
ORD-00365,2025-05-01,2025-05-05,CUST-0239,Consumer,Central,Illinois,Springfield,Office Supplies,Storage,Desktop Organizer,82.08,3,0.0,15.85
ORD-00391,2025-05-02,2025-05-03,CUST-0164,Corporate,East,Virginia,Richmond,Furniture,Desks,Compact Study Desk,1529.93,7,0.05,200.02
ORD-00090,2025-05-02,2025-05-03,CUST-0187,Corporate,Central,Illinois,Springfield,Technology,Accessories,Mechanical Keyboard,362.56,5,0.05,52.1
ORD-00677,2025-05-02,2025-05-03,CUST-0189,Consumer,West,Arizona,Tucson,Furniture,Chairs,Visitor Chair,668.91,5,0.0,92.22
ORD-00746,2025-05-03,2025-05-06,CUST-0324,Consumer,Central,Texas,Houston,Office Supplies,Paper,Premium Printing Paper,223.69,5,0.05,40.57
ORD-00773,2025-05-03,2025-05-07,CUST-0206,Consumer,Central,Michigan,Grand Rapids,Furniture,Chairs,Ergonomic Office Chair,1373.99,7,0.15,96.53
ORD-00975,2025-05-03,2025-05-04,CUST-0245,Consumer,Central,Texas,Austin,Office Supplies,Storage,Desktop Organizer,48.34,2,0.15,8.27
ORD-00403,2025-05-03,2025-05-05,CUST-0340,Corporate,East,Florida,Tampa,Technology,Accessories,Mechanical Keyboard,300.76,4,0.05,45.56
ORD-00626,2025-05-03,2025-05-07,CUST-0048,Small Business,South,North Carolina,Greensboro,Furniture,Chairs,Visitor Chair,203.58,2,0.15,12.7
ORD-00207,2025-05-05,2025-05-07,CUST-0255,Consumer,Central,Texas,San Antonio,Technology,Phones,Budget Smartphone X,394.48,1,0.0,64.41
ORD-01450,2025-05-05,2025-05-06,CUST-0376,Consumer,East,New York,Rochester,Technology,Phones,Smartphone Pro 12,2879.22,4,0.05,467.56
ORD-01013,2025-05-05,2025-05-09,CUST-0083,Consumer,Central,Wisconsin,Milwaukee,Technology,Phones,5G Phone Max,3926.42,6,0.0,666.44
ORD-01094,2025-05-06,2025-05-09,CUST-0053,Consumer,South,Alabama,Montgomery,Technology,Laptops,Business Laptop 14,3553.22,6,0.3,43.69
ORD-00015,2025-05-06,2025-05-11,CUST-0372,Consumer,Central,Wisconsin,Madison,Office Supplies,Storage,Archive Box Set,95.63,3,0.05,22.79
ORD-00055,2025-05-06,2025-05-10,CUST-0184,Consumer,East,Florida,Jacksonville,Office Supplies,Storage,Archive Box Set,240.11,7,0.05,44.49
ORD-00680,2025-05-06,2025-05-10,CUST-0023,Consumer,Central,Michigan,Detroit,Technology,Accessories,Mechanical Keyboard,413.04,6,0.1,54.23
ORD-00618,2025-05-06,2025-05-11,CUST-0381,Small Business,East,Georgia,Atlanta,Furniture,Desks,Office Work Desk,1383.3,5,0.1,135.8
ORD-00450,2025-05-07,2025-05-10,CUST-0117,Consumer,South,South Carolina,Charleston,Technology,Laptops,Gaming Laptop G5,2469.16,2,0.05,393.09
ORD-00475,2025-05-07,2025-05-12,CUST-0341,Consumer,East,Virginia,Norfolk,Technology,Phones,Budget Smartphone X,411.5,1,0.0,87.23
ORD-00729,2025-05-07,2025-05-11,CUST-0173,Consumer,West,Arizona,Phoenix,Office Supplies,Storage,Desktop Organizer,122.63,6,0.2,15.19
ORD-00598,2025-05-07,2025-05-08,CUST-0141,Consumer,Central,Texas,Houston,Technology,Laptops,Gaming Laptop G5,1467.86,1,0.0,292.91
ORD-00335,2025-05-07,2025-05-08,CUST-0385,Consumer,West,Arizona,Tucson,Office Supplies,Binders,Premium Binder,105.3,7,0.1,18.52
ORD-01101,2025-05-07,2025-05-08,CUST-0015,Consumer,West,Arizona,Tucson,Technology,Laptops,Gaming Laptop G5,3627.78,3,0.1,536.49
ORD-01059,2025-05-07,2025-05-12,CUST-0042,Consumer,West,Nevada,Reno,Technology,Phones,5G Phone Max,2567.77,5,0.2,201.91
ORD-00357,2025-05-08,2025-05-11,CUST-0246,Consumer,Central,Wisconsin,Madison,Technology,Accessories,Mechanical Keyboard,284.26,4,0.05,49.93
ORD-01236,2025-05-08,2025-05-12,CUST-0210,Consumer,East,Pennsylvania,Allentown,Technology,Laptops,Ultrabook Air 13,5766.83,5,0.1,774.85
ORD-00647,2025-05-08,2025-05-12,CUST-0281,Corporate,West,Washington,Spokane,Office Supplies,Paper,Premium Printing Paper,258.05,6,0.05,58.42
ORD-01194,2025-05-09,2025-05-11,CUST-0083,Consumer,East,New York,Buffalo,Office Supplies,Binders,A4 Ring Binder,61.55,5,0.05,13.49
ORD-00385,2025-05-09,2025-05-13,CUST-0109,Small Business,West,Washington,Seattle,Office Supplies,Storage,File Storage Box,57.6,3,0.15,7.69
ORD-00445,2025-05-09,2025-05-12,CUST-0282,Consumer,Central,Wisconsin,Madison,Technology,Phones,Smartphone Pro 12,3733.38,7,0.3,50.65
ORD-00165,2025-05-09,2025-05-10,CUST-0079,Consumer,Central,Michigan,Grand Rapids,Furniture,Desks,Office Work Desk,1214.6,4,0.1,147.69
ORD-01003,2025-05-09,2025-05-11,CUST-0178,Consumer,East,Georgia,Savannah,Furniture,Desks,Standing Desk,2240.24,5,0.1,221.48
ORD-00552,2025-05-10,2025-05-15,CUST-0038,Small Business,South,North Carolina,Greensboro,Office Supplies,Binders,A4 Ring Binder,44.71,5,0.3,3.64
ORD-00547,2025-05-10,2025-05-14,CUST-0351,Small Business,West,Arizona,Tucson,Technology,Accessories,USB-C Hub,93.91,2,0.0,15.42
ORD-00627,2025-05-10,2025-05-12,CUST-0130,Consumer,West,California,Fresno,Furniture,Tables,Meeting Table,3139.48,6,0.05,495.06
ORD-00156,2025-05-10,2025-05-11,CUST-0110,Small Business,East,Pennsylvania,Pittsburgh,Office Supplies,Binders,A4 Ring Binder,11.06,1,0.05,2.45
ORD-00684,2025-05-11,2025-05-12,CUST-0176,Consumer,East,Georgia,Augusta,Technology,Phones,Smartphone Pro 12,1347.59,2,0.15,144.72
ORD-01069,2025-05-11,2025-05-13,CUST-0040,Consumer,West,California,Los Angeles,Technology,Phones,Budget Smartphone X,773.69,2,0.0,145.78
ORD-00867,2025-05-12,2025-05-13,CUST-0230,Small Business,West,California,San Diego,Furniture,Chairs,Ergonomic Office Chair,1715.49,7,0.05,192.84
ORD-00887,2025-05-12,2025-05-15,CUST-0397,Corporate,West,Nevada,Reno,Office Supplies,Paper,Premium Printing Paper,315.32,7,0.05,79.53
ORD-01142,2025-05-12,2025-05-16,CUST-0400,Consumer,West,California,San Jose,Technology,Accessories,USB-C Hub,91.37,2,0.05,11.23
ORD-00863,2025-05-13,2025-05-15,CUST-0389,Consumer,South,South Carolina,Charleston,Furniture,Chairs,Ergonomic Office Chair,1050.85,4,0.0,163.59
ORD-00253,2025-05-13,2025-05-15,CUST-0025,Corporate,South,Alabama,Mobile,Office Supplies,Paper,Copy Paper Box,30.44,1,0.0,6.26
ORD-00198,2025-05-13,2025-05-17,CUST-0213,Consumer,East,Georgia,Atlanta,Furniture,Desks,Compact Study Desk,828.36,4,0.05,123.88
ORD-00760,2025-05-14,2025-05-18,CUST-0088,Consumer,Central,Ohio,Cincinnati,Furniture,Desks,Office Work Desk,1273.36,4,0.1,144.04
ORD-00502,2025-05-14,2025-05-19,CUST-0168,Consumer,East,Georgia,Savannah,Office Supplies,Binders,A4 Ring Binder,37.9,4,0.2,4.82
ORD-00543,2025-05-14,2025-05-16,CUST-0140,Consumer,Central,Illinois,Springfield,Office Supplies,Binders,A4 Ring Binder,10.94,1,0.05,2.71
ORD-00457,2025-05-14,2025-05-17,CUST-0068,Corporate,South,Alabama,Montgomery,Office Supplies,Paper,Premium Printing Paper,276.6,7,0.05,55.97
ORD-01240,2025-05-14,2025-05-19,CUST-0145,Small Business,Central,Illinois,Peoria,Technology,Accessories,Wireless Mouse,172.79,7,0.2,11.36
ORD-01007,2025-05-14,2025-05-17,CUST-0146,Consumer,East,Florida,Miami,Office Supplies,Storage,Archive Box Set,207.82,7,0.1,44.13
ORD-01186,2025-05-15,2025-05-18,CUST-0111,Corporate,Central,Texas,Dallas,Office Supplies,Storage,File Storage Box,102.27,5,0.0,21.96
ORD-00021,2025-05-15,2025-05-18,CUST-0027,Consumer,East,New York,New York City,Office Supplies,Paper,Recycled Paper Pack,180.71,6,0.0,41.52
ORD-00175,2025-05-16,2025-05-19,CUST-0066,Corporate,Central,Illinois,Chicago,Furniture,Tables,Round Conference Table,905.91,2,0.0,158.46
ORD-00358,2025-05-16,2025-05-18,CUST-0230,Small Business,South,Tennessee,Knoxville,Technology,Accessories,USB-C Hub,315.11,7,0.1,37.86
ORD-01387,2025-05-16,2025-05-19,CUST-0377,Consumer,Central,Wisconsin,Madison,Technology,Phones,5G Phone Max,3264.84,5,0.05,475.37
ORD-00589,2025-05-16,2025-05-21,CUST-0349,Consumer,East,Virginia,Richmond,Office Supplies,Paper,Copy Paper Box,47.59,2,0.2,7.15
ORD-01453,2025-05-16,2025-05-17,CUST-0269,Consumer,Central,Michigan,Grand Rapids,Office Supplies,Binders,Document Folder Set,13.77,1,0.05,2.68
ORD-00698,2025-05-16,2025-05-17,CUST-0231,Corporate,East,Pennsylvania,Philadelphia,Technology,Accessories,Mechanical Keyboard,151.39,2,0.1,17.56
ORD-00096,2025-05-17,2025-05-20,CUST-0108,Small Business,East,Pennsylvania,Allentown,Office Supplies,Paper,Recycled Paper Pack,84.0,3,0.05,14.54
ORD-01050,2025-05-17,2025-05-22,CUST-0169,Consumer,South,South Carolina,Charleston,Technology,Accessories,Mechanical Keyboard,352.42,6,0.2,21.86
ORD-00077,2025-05-17,2025-05-19,CUST-0347,Consumer,Central,Michigan,Detroit,Technology,Accessories,Wireless Mouse,45.26,2,0.2,2.97
ORD-00344,2025-05-17,2025-05-18,CUST-0282,Consumer,East,Virginia,Norfolk,Furniture,Chairs,Visitor Chair,237.57,2,0.0,31.32
ORD-00856,2025-05-17,2025-05-18,CUST-0346,Consumer,South,Tennessee,Memphis,Office Supplies,Binders,Premium Binder,84.22,5,0.05,18.33
ORD-00715,2025-05-18,2025-05-19,CUST-0379,Corporate,Central,Michigan,Detroit,Technology,Accessories,Mechanical Keyboard,561.01,7,0.05,69.28
ORD-01182,2025-05-18,2025-05-23,CUST-0334,Corporate,South,South Carolina,Charleston,Office Supplies,Storage,Archive Box Set,105.11,3,0.0,28.97
ORD-00624,2025-05-18,2025-05-23,CUST-0080,Corporate,East,New York,Buffalo,Furniture,Desks,Compact Study Desk,977.83,5,0.05,109.17
ORD-01265,2025-05-18,2025-05-21,CUST-0366,Consumer,East,Georgia,Savannah,Technology,Phones,Smartphone Pro 12,2970.5,4,0.0,542.7
ORD-00702,2025-05-18,2025-05-19,CUST-0258,Consumer,West,Arizona,Tucson,Technology,Phones,Smartphone Pro 12,4324.66,6,0.1,475.75
ORD-00361,2025-05-19,2025-05-22,CUST-0251,Consumer,East,New York,Rochester,Office Supplies,Binders,A4 Ring Binder,64.38,6,0.05,13.04
ORD-00636,2025-05-19,2025-05-23,CUST-0340,Consumer,South,Tennessee,Nashville,Technology,Accessories,Mechanical Keyboard,497.58,7,0.15,42.15
ORD-00629,2025-05-19,2025-05-21,CUST-0247,Corporate,West,Oregon,Eugene,Office Supplies,Paper,Premium Printing Paper,95.9,2,0.0,20.2
ORD-00758,2025-05-20,2025-05-25,CUST-0202,Consumer,South,Alabama,Montgomery,Office Supplies,Binders,Premium Binder,132.36,7,0.0,31.7
ORD-01369,2025-05-20,2025-05-21,CUST-0221,Consumer,South,Tennessee,Nashville,Office Supplies,Storage,File Storage Box,21.24,1,0.05,5.42
ORD-01233,2025-05-20,2025-05-25,CUST-0117,Consumer,South,Alabama,Birmingham,Office Supplies,Storage,File Storage Box,149.91,7,0.0,35.56
ORD-01261,2025-05-20,2025-05-22,CUST-0050,Small Business,West,Oregon,Portland,Office Supplies,Storage,File Storage Box,33.6,2,0.2,3.94
ORD-00065,2025-05-20,2025-05-22,CUST-0010,Corporate,East,New York,Buffalo,Technology,Laptops,Gaming Laptop G5,9351.86,7,0.05,1170.49
ORD-00465,2025-05-20,2025-05-25,CUST-0014,Consumer,West,Washington,Spokane,Office Supplies,Paper,Copy Paper Box,133.62,4,0.0,30.6
ORD-00353,2025-05-21,2025-05-26,CUST-0241,Consumer,West,California,Fresno,Furniture,Desks,Standing Desk,3535.74,7,0.0,624.98
ORD-00582,2025-05-21,2025-05-22,CUST-0217,Consumer,West,Nevada,Las Vegas,Office Supplies,Binders,Premium Binder,17.01,1,0.05,2.97
ORD-00367,2025-05-21,2025-05-25,CUST-0101,Consumer,Central,Ohio,Columbus,Technology,Phones,Smartphone Pro 12,1585.23,2,0.0,266.79
ORD-00043,2025-05-21,2025-05-22,CUST-0191,Consumer,Central,Michigan,Grand Rapids,Technology,Phones,5G Phone Max,567.63,1,0.15,49.53
ORD-00816,2025-05-21,2025-05-23,CUST-0128,Corporate,Central,Ohio,Cleveland,Office Supplies,Paper,Copy Paper Box,124.17,4,0.1,25.11
ORD-00889,2025-05-22,2025-05-27,CUST-0178,Small Business,Central,Michigan,Detroit,Office Supplies,Paper,Premium Printing Paper,207.63,6,0.2,24.04
ORD-01035,2025-05-22,2025-05-24,CUST-0283,Small Business,South,North Carolina,Raleigh,Furniture,Desks,Office Work Desk,2306.27,7,0.0,363.82
ORD-00958,2025-05-22,2025-05-23,CUST-0339,Small Business,West,California,Fresno,Technology,Accessories,USB-C Hub,45.49,1,0.0,7.98
ORD-00321,2025-05-23,2025-05-26,CUST-0043,Consumer,South,Alabama,Mobile,Office Supplies,Binders,A4 Ring Binder,74.14,6,0.0,14.41
ORD-01246,2025-05-23,2025-05-27,CUST-0289,Consumer,West,Arizona,Phoenix,Technology,Accessories,Wireless Mouse,77.8,3,0.05,11.81
ORD-01409,2025-05-23,2025-05-26,CUST-0055,Consumer,Central,Ohio,Cleveland,Office Supplies,Binders,A4 Ring Binder,49.86,5,0.1,7.76
ORD-01054,2025-05-23,2025-05-26,CUST-0244,Small Business,South,South Carolina,Columbia,Office Supplies,Storage,Archive Box Set,248.85,7,0.0,68.2
ORD-00191,2025-05-24,2025-05-25,CUST-0032,Corporate,South,Tennessee,Nashville,Technology,Accessories,Mechanical Keyboard,323.16,4,0.05,55.08
ORD-01032,2025-05-24,2025-05-29,CUST-0360,Consumer,South,Tennessee,Nashville,Technology,Accessories,USB-C Hub,277.41,6,0.0,53.81
ORD-00039,2025-05-24,2025-05-26,CUST-0398,Corporate,West,Arizona,Phoenix,Office Supplies,Binders,Premium Binder,100.48,7,0.15,18.55
ORD-00794,2025-05-24,2025-05-29,CUST-0271,Consumer,Central,Wisconsin,Madison,Office Supplies,Storage,File Storage Box,75.59,4,0.2,7.91
ORD-01243,2025-05-24,2025-05-26,CUST-0078,Corporate,East,Virginia,Norfolk,Technology,Laptops,Ultrabook Air 13,4514.55,4,0.0,716.49
ORD-01260,2025-05-25,2025-05-27,CUST-0259,Small Business,West,Washington,Spokane,Office Supplies,Paper,Copy Paper Box,129.4,4,0.0,34.96
ORD-00672,2025-05-25,2025-05-27,CUST-0271,Small Business,South,Alabama,Birmingham,Technology,Laptops,Gaming Laptop G5,4391.26,3,0.0,642.21
ORD-00604,2025-05-25,2025-05-29,CUST-0161,Consumer,Central,Wisconsin,Milwaukee,Office Supplies,Paper,Copy Paper Box,140.34,5,0.1,28.53
ORD-00596,2025-05-25,2025-05-29,CUST-0171,Corporate,South,Alabama,Birmingham,Office Supplies,Binders,Document Folder Set,29.55,3,0.3,2.01
ORD-00229,2025-05-25,2025-05-28,CUST-0005,Consumer,West,Nevada,Reno,Furniture,Chairs,Executive Chair,1129.59,3,0.05,122.01
ORD-00915,2025-05-25,2025-05-29,CUST-0370,Consumer,Central,Wisconsin,Madison,Furniture,Chairs,Executive Chair,361.9,1,0.05,45.53
ORD-01078,2025-05-25,2025-05-27,CUST-0254,Consumer,Central,Michigan,Detroit,Technology,Phones,5G Phone Max,1240.1,2,0.0,266.68
ORD-01137,2025-05-26,2025-05-28,CUST-0126,Corporate,West,Arizona,Phoenix,Furniture,Chairs,Visitor Chair,653.56,6,0.15,52.55
ORD-00355,2025-05-26,2025-05-29,CUST-0100,Corporate,South,North Carolina,Charlotte,Technology,Accessories,USB-C Hub,115.83,3,0.15,12.17
ORD-00721,2025-05-26,2025-05-27,CUST-0107,Consumer,East,Georgia,Atlanta,Office Supplies,Storage,Archive Box Set,106.19,3,0.0,24.55
ORD-00359,2025-05-26,2025-05-31,CUST-0108,Consumer,Central,Wisconsin,Milwaukee,Office Supplies,Storage,Desktop Organizer,111.94,5,0.1,24.38
ORD-01256,2025-05-26,2025-05-27,CUST-0088,Consumer,East,Pennsylvania,Pittsburgh,Furniture,Chairs,Executive Chair,1369.58,4,0.2,81.91
ORD-00480,2025-05-26,2025-05-30,CUST-0170,Consumer,East,Florida,Orlando,Technology,Phones,Budget Smartphone X,1427.25,4,0.05,195.24
ORD-00438,2025-05-26,2025-05-27,CUST-0068,Corporate,East,Florida,Orlando,Office Supplies,Storage,Archive Box Set,51.0,2,0.3,3.44
ORD-00957,2025-05-26,2025-05-27,CUST-0191,Small Business,South,Tennessee,Nashville,Technology,Laptops,Ultrabook Air 13,7044.73,6,0.0,1024.71
ORD-00029,2025-05-27,2025-05-29,CUST-0122,Corporate,West,Oregon,Eugene,Technology,Laptops,Business Laptop 14,4728.66,6,0.15,444.25
ORD-00242,2025-05-27,2025-05-30,CUST-0186,Consumer,West,Oregon,Eugene,Furniture,Tables,Side Table,740.42,5,0.05,115.23
ORD-00409,2025-05-27,2025-05-30,CUST-0338,Small Business,East,Georgia,Savannah,Furniture,Chairs,Ergonomic Office Chair,646.36,3,0.15,40.41
ORD-01471,2025-05-27,2025-05-31,CUST-0010,Small Business,South,South Carolina,Columbia,Furniture,Tables,Side Table,964.79,6,0.05,120.82
ORD-01126,2025-05-27,2025-05-31,CUST-0261,Corporate,South,Louisiana,Shreveport,Technology,Accessories,Mechanical Keyboard,411.18,7,0.3,5.74
ORD-00304,2025-05-27,2025-05-31,CUST-0239,Consumer,Central,Texas,Houston,Technology,Laptops,Ultrabook Air 13,1084.66,1,0.15,93.21
ORD-00649,2025-05-27,2025-05-29,CUST-0172,Consumer,East,New York,Buffalo,Furniture,Desks,Standing Desk,2552.64,6,0.2,150.26
ORD-01044,2025-05-28,2025-05-29,CUST-0391,Consumer,West,Arizona,Tucson,Office Supplies,Paper,Copy Paper Box,202.68,6,0.0,51.16
ORD-01216,2025-05-28,2025-05-30,CUST-0206,Corporate,Central,Wisconsin,Madison,Technology,Accessories,USB-C Hub,49.25,1,0.0,7.5
ORD-01446,2025-05-28,2025-05-29,CUST-0091,Corporate,West,California,San Diego,Technology,Accessories,Mechanical Keyboard,521.24,7,0.0,105.87
ORD-00222,2025-05-28,2025-06-02,CUST-0392,Corporate,East,Georgia,Savannah,Office Supplies,Storage,Archive Box Set,211.45,7,0.15,27.99
ORD-00553,2025-05-28,2025-06-01,CUST-0048,Corporate,Central,Texas,Dallas,Technology,Phones,Smartphone Pro 12,2044.22,3,0.1,293.59
ORD-00283,2025-05-28,2025-05-29,CUST-0100,Corporate,South,Tennessee,Knoxville,Technology,Laptops,Ultrabook Air 13,3451.96,3,0.05,516.04
ORD-00017,2025-05-28,2025-05-30,CUST-0099,Corporate,South,Alabama,Birmingham,Technology,Laptops,Business Laptop 14,2403.7,3,0.05,428.84
ORD-00331,2025-05-28,2025-06-01,CUST-0187,Consumer,Central,Ohio,Columbus,Office Supplies,Storage,Desktop Organizer,68.43,3,0.1,14.18
ORD-00435,2025-05-28,2025-05-30,CUST-0157,Corporate,South,Tennessee,Nashville,Office Supplies,Paper,Copy Paper Box,68.25,2,0.0,18.63
ORD-01495,2025-05-29,2025-06-03,CUST-0128,Consumer,Central,Texas,Dallas,Office Supplies,Binders,Premium Binder,86.01,7,0.3,6.06
ORD-01292,2025-05-29,2025-06-01,CUST-0037,Consumer,South,North Carolina,Raleigh,Technology,Phones,5G Phone Max,3058.66,5,0.0,468.17
ORD-00208,2025-05-29,2025-05-30,CUST-0008,Corporate,West,Nevada,Las Vegas,Technology,Phones,Smartphone Pro 12,4230.58,5,0.0,628.91
ORD-00338,2025-05-29,2025-06-02,CUST-0137,Corporate,South,North Carolina,Greensboro,Furniture,Desks,Compact Study Desk,1013.52,5,0.0,165.48
ORD-00271,2025-05-29,2025-05-30,CUST-0273,Consumer,South,North Carolina,Greensboro,Furniture,Tables,Round Conference Table,2724.08,7,0.1,300.72
ORD-00877,2025-05-30,2025-06-04,CUST-0018,Corporate,Central,Illinois,Peoria,Technology,Laptops,Ultrabook Air 13,5546.92,5,0.05,681.53
ORD-00288,2025-05-31,2025-06-03,CUST-0318,Consumer,East,Virginia,Norfolk,Technology,Laptops,Business Laptop 14,2508.22,3,0.0,444.06
ORD-00861,2025-05-31,2025-06-05,CUST-0356,Consumer,South,Tennessee,Memphis,Furniture,Tables,Meeting Table,3785.92,7,0.0,540.88
ORD-00412,2025-05-31,2025-06-03,CUST-0301,Consumer,East,Florida,Tampa,Technology,Accessories,Mechanical Keyboard,566.79,7,0.0,89.73
ORD-01170,2025-05-31,2025-06-01,CUST-0006,Consumer,South,Louisiana,New Orleans,Office Supplies,Storage,Desktop Organizer,75.22,3,0.05,14.66
ORD-00368,2025-05-31,2025-06-05,CUST-0106,Consumer,South,South Carolina,Charleston,Office Supplies,Binders,Premium Binder,52.89,3,0.05,11.48
ORD-00494,2025-06-01,2025-06-05,CUST-0265,Consumer,Central,Wisconsin,Madison,Office Supplies,Paper,Copy Paper Box,154.6,6,0.15,23.22
ORD-01435,2025-06-01,2025-06-02,CUST-0337,Consumer,South,Tennessee,Knoxville,Furniture,Tables,Meeting Table,1591.5,3,0.0,266.32
ORD-00398,2025-06-01,2025-06-04,CUST-0393,Consumer,Central,Ohio,Columbus,Furniture,Desks,Office Work Desk,656.07,2,0.05,102.6
ORD-00580,2025-06-01,2025-06-05,CUST-0383,Consumer,Central,Ohio,Cincinnati,Furniture,Desks,Standing Desk,2319.94,5,0.05,310.58
ORD-00652,2025-06-01,2025-06-03,CUST-0319,Consumer,West,Oregon,Portland,Technology,Accessories,Wireless Mouse,97.85,4,0.15,7.8
ORD-01124,2025-06-01,2025-06-03,CUST-0262,Consumer,West,Oregon,Eugene,Office Supplies,Storage,Archive Box Set,135.79,4,0.1,22.25
ORD-00295,2025-06-02,2025-06-04,CUST-0177,Consumer,West,Arizona,Phoenix,Furniture,Chairs,Visitor Chair,664.06,6,0.2,30.9
ORD-00423,2025-06-02,2025-06-05,CUST-0214,Corporate,West,Washington,Tacoma,Office Supplies,Storage,Desktop Organizer,78.74,3,0.05,18.37
ORD-01396,2025-06-02,2025-06-03,CUST-0156,Consumer,Central,Ohio,Cleveland,Technology,Accessories,Mechanical Keyboard,423.52,7,0.2,32.98
ORD-01234,2025-06-02,2025-06-05,CUST-0246,Consumer,South,Alabama,Mobile,Furniture,Tables,Side Table,257.64,2,0.2,10.88
ORD-00020,2025-06-02,2025-06-06,CUST-0384,Consumer,West,Washington,Spokane,Office Supplies,Binders,Premium Binder,58.63,4,0.15,8.59
ORD-01008,2025-06-02,2025-06-04,CUST-0013,Corporate,East,Virginia,Richmond,Furniture,Tables,Side Table,255.29,2,0.2,11.2
ORD-00224,2025-06-03,2025-06-08,CUST-0037,Consumer,East,Florida,Jacksonville,Technology,Laptops,Gaming Laptop G5,6421.17,5,0.05,1135.94
ORD-00951,2025-06-03,2025-06-08,CUST-0213,Corporate,East,Virginia,Richmond,Office Supplies,Paper,Copy Paper Box,73.04,3,0.2,8.09
ORD-01462,2025-06-03,2025-06-04,CUST-0177,Small Business,South,Louisiana,Shreveport,Technology,Phones,Budget Smartphone X,2275.0,6,0.1,267.64
ORD-01207,2025-06-03,2025-06-07,CUST-0125,Corporate,West,Arizona,Phoenix,Technology,Accessories,Mechanical Keyboard,349.72,6,0.3,4.96
ORD-00154,2025-06-03,2025-06-05,CUST-0166,Consumer,South,South Carolina,Charleston,Furniture,Tables,Round Conference Table,1369.79,4,0.2,80.29
ORD-00079,2025-06-03,2025-06-04,CUST-0327,Consumer,South,South Carolina,Charleston,Furniture,Chairs,Ergonomic Office Chair,883.43,4,0.05,140.32
ORD-00732,2025-06-03,2025-06-04,CUST-0362,Corporate,West,Oregon,Eugene,Technology,Accessories,Mechanical Keyboard,185.11,3,0.2,12.5
ORD-00241,2025-06-03,2025-06-04,CUST-0107,Corporate,Central,Texas,Austin,Office Supplies,Paper,Copy Paper Box,105.6,4,0.15,13.98
ORD-00407,2025-06-04,2025-06-09,CUST-0197,Consumer,South,North Carolina,Charlotte,Furniture,Tables,Round Conference Table,2222.25,6,0.15,164.86
ORD-01303,2025-06-04,2025-06-08,CUST-0329,Small Business,West,Washington,Spokane,Furniture,Desks,Compact Study Desk,1378.38,6,0.0,254.81
ORD-01161,2025-06-04,2025-06-08,CUST-0072,Corporate,Central,Michigan,Grand Rapids,Office Supplies,Paper,Copy Paper Box,27.7,1,0.15,3.75
ORD-00779,2025-06-04,2025-06-06,CUST-0246,Small Business,West,Nevada,Reno,Office Supplies,Storage,File Storage Box,17.75,1,0.2,2.41
ORD-00426,2025-06-04,2025-06-06,CUST-0383,Small Business,Central,Illinois,Chicago,Technology,Laptops,Business Laptop 14,5124.77,6,0.05,827.08
ORD-00379,2025-06-05,2025-06-09,CUST-0173,Consumer,South,Louisiana,Shreveport,Technology,Laptops,Business Laptop 14,1884.36,2,0.0,388.44
ORD-00857,2025-06-05,2025-06-09,CUST-0060,Corporate,West,Washington,Seattle,Technology,Laptops,Business Laptop 14,1703.71,2,0.1,206.08
ORD-01324,2025-06-06,2025-06-11,CUST-0306,Consumer,East,Georgia,Augusta,Furniture,Tables,Side Table,286.89,2,0.1,32.43
ORD-00813,2025-06-06,2025-06-08,CUST-0303,Corporate,East,Pennsylvania,Allentown,Technology,Laptops,Business Laptop 14,4722.27,7,0.2,276.99
ORD-01017,2025-06-06,2025-06-11,CUST-0152,Consumer,East,Florida,Tampa,Furniture,Tables,Round Conference Table,444.23,1,0.0,73.05
ORD-01477,2025-06-06,2025-06-09,CUST-0058,Corporate,Central,Ohio,Cincinnati,Technology,Laptops,Business Laptop 14,3722.29,6,0.3,52.42
ORD-00197,2025-06-07,2025-06-09,CUST-0382,Small Business,West,Washington,Spokane,Office Supplies,Storage,File Storage Box,20.34,1,0.0,5.51
ORD-01091,2025-06-07,2025-06-11,CUST-0215,Corporate,Central,Michigan,Detroit,Technology,Laptops,Ultrabook Air 13,1779.06,2,0.3,32.0
ORD-00570,2025-06-07,2025-06-08,CUST-0274,Consumer,West,Oregon,Eugene,Technology,Phones,Budget Smartphone X,514.11,2,0.3,8.14
ORD-00730,2025-06-07,2025-06-09,CUST-0095,Corporate,South,South Carolina,Charleston,Technology,Accessories,USB-C Hub,81.95,2,0.1,11.86
ORD-00908,2025-06-07,2025-06-08,CUST-0253,Consumer,West,Washington,Spokane,Furniture,Tables,Side Table,304.19,2,0.05,32.57
ORD-00639,2025-06-07,2025-06-10,CUST-0177,Small Business,Central,Wisconsin,Madison,Technology,Laptops,Business Laptop 14,2360.09,3,0.05,405.9
ORD-01254,2025-06-08,2025-06-10,CUST-0255,Consumer,Central,Texas,Houston,Technology,Accessories,Wireless Mouse,98.59,4,0.15,9.52
ORD-00847,2025-06-08,2025-06-10,CUST-0212,Consumer,South,Louisiana,Baton Rouge,Office Supplies,Storage,Archive Box Set,187.1,7,0.2,27.31
ORD-01043,2025-06-08,2025-06-11,CUST-0343,Corporate,East,Pennsylvania,Allentown,Technology,Phones,Smartphone Pro 12,3914.44,6,0.15,421.9
ORD-01473,2025-06-08,2025-06-13,CUST-0286,Small Business,Central,Ohio,Cleveland,Furniture,Chairs,Visitor Chair,388.73,3,0.0,64.54
ORD-00170,2025-06-09,2025-06-10,CUST-0114,Consumer,East,Virginia,Richmond,Technology,Laptops,Gaming Laptop G5,1314.61,1,0.05,195.62
ORD-00221,2025-06-09,2025-06-10,CUST-0047,Consumer,Central,Ohio,Columbus,Technology,Accessories,Mechanical Keyboard,283.03,4,0.05,49.9
ORD-01130,2025-06-10,2025-06-11,CUST-0042,Corporate,East,Florida,Orlando,Technology,Phones,Smartphone Pro 12,3275.85,4,0.0,673.37
ORD-00619,2025-06-10,2025-06-11,CUST-0058,Consumer,Central,Michigan,Grand Rapids,Furniture,Chairs,Ergonomic Office Chair,264.48,1,0.0,41.33
ORD-01041,2025-06-10,2025-06-13,CUST-0285,Consumer,Central,Texas,Houston,Technology,Laptops,Ultrabook Air 13,2145.14,2,0.05,297.39
ORD-00237,2025-06-11,2025-06-14,CUST-0118,Consumer,Central,Michigan,Grand Rapids,Technology,Laptops,Business Laptop 14,6658.9,7,0.0,1151.28
ORD-00500,2025-06-11,2025-06-14,CUST-0214,Small Business,Central,Illinois,Springfield,Technology,Laptops,Gaming Laptop G5,7040.6,6,0.15,634.2
ORD-00006,2025-06-11,2025-06-13,CUST-0367,Corporate,Central,Michigan,Grand Rapids,Technology,Laptops,Gaming Laptop G5,5439.61,4,0.0,935.53
ORD-00994,2025-06-11,2025-06-13,CUST-0058,Corporate,South,North Carolina,Charlotte,Office Supplies,Storage,File Storage Box,45.78,2,0.0,11.1
ORD-01073,2025-06-11,2025-06-16,CUST-0323,Consumer,South,Tennessee,Nashville,Office Supplies,Paper,Premium Printing Paper,218.21,5,0.0,44.43
ORD-00737,2025-06-11,2025-06-14,CUST-0082,Corporate,West,Nevada,Las Vegas,Furniture,Tables,Round Conference Table,1262.79,3,0.0,225.84
ORD-00356,2025-06-12,2025-06-17,CUST-0314,Consumer,South,South Carolina,Columbia,Technology,Phones,Smartphone Pro 12,5240.3,7,0.0,888.51
ORD-00706,2025-06-12,2025-06-13,CUST-0147,Consumer,East,Florida,Miami,Technology,Accessories,Wireless Mouse,116.16,4,0.05,14.68
ORD-01167,2025-06-12,2025-06-15,CUST-0165,Corporate,East,Georgia,Atlanta,Office Supplies,Paper,Premium Printing Paper,218.71,5,0.0,45.16
ORD-01497,2025-06-12,2025-06-13,CUST-0030,Consumer,West,Nevada,Reno,Furniture,Desks,Compact Study Desk,438.97,2,0.05,54.93
ORD-00034,2025-06-12,2025-06-16,CUST-0095,Corporate,South,North Carolina,Charlotte,Furniture,Tables,Meeting Table,470.91,1,0.1,44.97
ORD-00736,2025-06-12,2025-06-13,CUST-0308,Corporate,South,South Carolina,Columbia,Office Supplies,Binders,A4 Ring Binder,23.37,2,0.0,5.81
ORD-00725,2025-06-12,2025-06-15,CUST-0339,Consumer,South,Louisiana,Baton Rouge,Furniture,Desks,Office Work Desk,1397.05,4,0.0,230.41
ORD-01388,2025-06-13,2025-06-16,CUST-0135,Consumer,South,South Carolina,Charleston,Technology,Phones,5G Phone Max,4265.1,7,0.0,668.18
ORD-01442,2025-06-13,2025-06-16,CUST-0012,Consumer,East,Florida,Orlando,Technology,Laptops,Ultrabook Air 13,1129.21,1,0.0,177.33
ORD-00513,2025-06-13,2025-06-16,CUST-0386,Corporate,East,Pennsylvania,Allentown,Technology,Accessories,USB-C Hub,38.82,1,0.2,2.22
ORD-00131,2025-06-14,2025-06-15,CUST-0293,Corporate,West,California,Fresno,Office Supplies,Storage,Desktop Organizer,89.96,4,0.1,19.88
ORD-00983,2025-06-14,2025-06-15,CUST-0256,Consumer,West,Oregon,Eugene,Furniture,Chairs,Visitor Chair,655.63,6,0.2,32.14
ORD-00804,2025-06-14,2025-06-19,CUST-0144,Consumer,West,Arizona,Tucson,Furniture,Tables,Side Table,423.21,3,0.1,52.4
ORD-00246,2025-06-15,2025-06-20,CUST-0028,Corporate,East,New York,New York City,Technology,Phones,5G Phone Max,2141.51,4,0.15,220.89
ORD-00451,2025-06-15,2025-06-16,CUST-0324,Consumer,West,Arizona,Tucson,Technology,Phones,Smartphone Pro 12,796.94,1,0.0,121.83
ORD-01004,2025-06-15,2025-06-18,CUST-0308,Consumer,East,Virginia,Richmond,Technology,Accessories,USB-C Hub,45.79,1,0.1,5.6
ORD-00004,2025-06-16,2025-06-20,CUST-0264,Small Business,Central,Michigan,Detroit,Furniture,Chairs,Executive Chair,1912.34,5,0.0,328.4
ORD-00989,2025-06-16,2025-06-19,CUST-0278,Consumer,East,Pennsylvania,Allentown,Technology,Laptops,Gaming Laptop G5,2310.28,2,0.15,212.31
ORD-01084,2025-06-16,2025-06-17,CUST-0176,Corporate,Central,Illinois,Peoria,Furniture,Desks,Office Work Desk,335.1,1,0.0,52.22
ORD-01086,2025-06-17,2025-06-20,CUST-0260,Corporate,Central,Michigan,Detroit,Furniture,Chairs,Ergonomic Office Chair,210.96,1,0.15,16.9
ORD-00276,2025-06-17,2025-06-18,CUST-0148,Consumer,East,Georgia,Atlanta,Office Supplies,Binders,A4 Ring Binder,24.1,3,0.3,2.08
ORD-00419,2025-06-17,2025-06-19,CUST-0111,Consumer,West,Arizona,Phoenix,Technology,Accessories,USB-C Hub,38.94,1,0.2,2.8
ORD-01201,2025-06-17,2025-06-19,CUST-0152,Corporate,East,Florida,Tampa,Technology,Laptops,Gaming Laptop G5,1231.26,1,0.1,133.64
ORD-00510,2025-06-18,2025-06-20,CUST-0047,Corporate,South,Tennessee,Nashville,Furniture,Chairs,Ergonomic Office Chair,723.45,3,0.05,85.12
ORD-00622,2025-06-18,2025-06-22,CUST-0307,Small Business,Central,Wisconsin,Madison,Technology,Accessories,Mechanical Keyboard,334.71,4,0.0,63.53
ORD-01386,2025-06-18,2025-06-23,CUST-0159,Consumer,East,Pennsylvania,Philadelphia,Office Supplies,Binders,Document Folder Set,91.45,6,0.0,19.82
ORD-00041,2025-06-19,2025-06-20,CUST-0327,Corporate,West,Washington,Tacoma,Technology,Phones,Budget Smartphone X,1139.89,3,0.1,164.16
ORD-00108,2025-06-19,2025-06-22,CUST-0158,Consumer,South,Tennessee,Memphis,Furniture,Chairs,Executive Chair,419.8,1,0.0,57.2
ORD-00225,2025-06-19,2025-06-24,CUST-0224,Small Business,South,Louisiana,Shreveport,Office Supplies,Binders,Premium Binder,96.64,5,0.0,22.17
ORD-00003,2025-06-19,2025-06-24,CUST-0329,Consumer,South,Alabama,Montgomery,Furniture,Tables,Side Table,530.86,4,0.1,58.14
ORD-00310,2025-06-19,2025-06-23,CUST-0395,Consumer,West,Arizona,Phoenix,Technology,Accessories,Wireless Mouse,143.26,5,0.0,29.99
ORD-00837,2025-06-20,2025-06-23,CUST-0095,Consumer,Central,Illinois,Chicago,Furniture,Desks,Standing Desk,699.88,2,0.3,-3.83
ORD-00174,2025-06-20,2025-06-25,CUST-0111,Consumer,West,Arizona,Phoenix,Technology,Accessories,USB-C Hub,248.03,5,0.0,51.38
ORD-00400,2025-06-20,2025-06-22,CUST-0093,Consumer,Central,Michigan,Grand Rapids,Office Supplies,Storage,Archive Box Set,63.3,2,0.05,12.18
ORD-00491,2025-06-21,2025-06-23,CUST-0275,Consumer,West,Washington,Seattle,Office Supplies,Paper,Recycled Paper Pack,134.26,5,0.1,19.93
ORD-01300,2025-06-22,2025-06-27,CUST-0313,Corporate,West,California,Fresno,Furniture,Desks,Standing Desk,1921.42,4,0.0,295.65
ORD-01458,2025-06-22,2025-06-25,CUST-0028,Consumer,South,Tennessee,Memphis,Technology,Phones,Smartphone Pro 12,1438.59,2,0.05,197.64
ORD-00144,2025-06-22,2025-06-27,CUST-0170,Corporate,Central,Ohio,Columbus,Furniture,Desks,Office Work Desk,669.68,2,0.0,103.34
ORD-01428,2025-06-22,2025-06-25,CUST-0347,Small Business,West,Oregon,Portland,Office Supplies,Binders,A4 Ring Binder,72.47,6,0.05,14.22
ORD-01148,2025-06-22,2025-06-26,CUST-0247,Corporate,East,Florida,Miami,Office Supplies,Paper,Premium Printing Paper,91.52,2,0.0,23.55
ORD-01172,2025-06-22,2025-06-24,CUST-0343,Corporate,Central,Wisconsin,Madison,Furniture,Chairs,Executive Chair,1154.74,3,0.05,139.99
ORD-00232,2025-06-24,2025-06-27,CUST-0325,Small Business,East,Virginia,Norfolk,Technology,Phones,Smartphone Pro 12,695.91,1,0.1,77.96
ORD-00907,2025-06-24,2025-06-25,CUST-0166,Small Business,Central,Ohio,Columbus,Technology,Accessories,Mechanical Keyboard,74.81,1,0.0,10.94
ORD-01218,2025-06-24,2025-06-25,CUST-0318,Consumer,Central,Michigan,Grand Rapids,Office Supplies,Paper,Copy Paper Box,149.7,5,0.1,23.43
ORD-00300,2025-06-24,2025-06-26,CUST-0093,Corporate,West,California,San Jose,Office Supplies,Paper,Copy Paper Box,141.97,5,0.1,30.16
ORD-00146,2025-06-24,2025-06-26,CUST-0078,Small Business,West,Oregon,Eugene,Technology,Phones,Budget Smartphone X,1826.27,5,0.1,232.55
ORD-00404,2025-06-24,2025-06-26,CUST-0278,Consumer,South,Tennessee,Nashville,Office Supplies,Binders,Document Folder Set,14.49,1,0.1,2.2
ORD-00223,2025-06-25,2025-06-30,CUST-0260,Consumer,South,Alabama,Mobile,Office Supplies,Binders,A4 Ring Binder,64.58,5,0.0,15.7
ORD-00503,2025-06-25,2025-06-26,CUST-0355,Consumer,Central,Ohio,Cincinnati,Office Supplies,Binders,A4 Ring Binder,73.66,6,0.0,15.44
ORD-01364,2025-06-25,2025-06-26,CUST-0309,Consumer,West,Nevada,Reno,Technology,Laptops,Gaming Laptop G5,8463.9,7,0.15,789.62
ORD-00196,2025-06-25,2025-06-30,CUST-0021,Corporate,East,Georgia,Savannah,Technology,Phones,5G Phone Max,3988.39,6,0.05,604.67
ORD-01080,2025-06-25,2025-06-28,CUST-0106,Corporate,South,Alabama,Birmingham,Technology,Laptops,Gaming Laptop G5,8742.61,7,0.1,1206.07
ORD-01456,2025-06-25,2025-06-30,CUST-0356,Consumer,Central,Texas,San Antonio,Furniture,Chairs,Ergonomic Office Chair,1459.79,7,0.15,102.4
ORD-00849,2025-06-25,2025-06-29,CUST-0048,Consumer,West,Arizona,Tucson,Technology,Phones,5G Phone Max,4235.25,7,0.0,857.03
ORD-01357,2025-06-26,2025-06-29,CUST-0184,Corporate,Central,Illinois,Chicago,Office Supplies,Binders,A4 Ring Binder,71.25,6,0.05,13.17
ORD-01000,2025-06-26,2025-07-01,CUST-0007,Consumer,Central,Ohio,Cincinnati,Office Supplies,Storage,File Storage Box,79.71,4,0.05,18.8
ORD-01187,2025-06-26,2025-06-27,CUST-0286,Small Business,West,California,San Diego,Technology,Phones,Smartphone Pro 12,4895.76,6,0.0,723.48
ORD-01328,2025-06-26,2025-07-01,CUST-0252,Consumer,East,New York,Buffalo,Technology,Laptops,Business Laptop 14,2749.19,3,0.05,408.14
ORD-00703,2025-06-27,2025-06-30,CUST-0254,Corporate,West,Oregon,Eugene,Furniture,Chairs,Ergonomic Office Chair,869.54,4,0.15,66.77
ORD-00189,2025-06-27,2025-06-30,CUST-0169,Consumer,West,Nevada,Las Vegas,Furniture,Tables,Meeting Table,367.54,1,0.3,-1.77
ORD-00932,2025-06-27,2025-07-01,CUST-0291,Corporate,East,Pennsylvania,Allentown,Office Supplies,Storage,Archive Box Set,65.18,2,0.05,14.63
ORD-00161,2025-06-27,2025-07-02,CUST-0183,Consumer,East,Georgia,Augusta,Technology,Accessories,USB-C Hub,176.57,4,0.05,25.71
ORD-00556,2025-06-27,2025-06-28,CUST-0146,Small Business,West,Nevada,Las Vegas,Office Supplies,Binders,Document Folder Set,77.56,5,0.0,21.4
ORD-00104,2025-06-27,2025-06-30,CUST-0105,Small Business,Central,Texas,San Antonio,Office Supplies,Binders,Premium Binder,133.96,7,0.0,36.78
ORD-01344,2025-06-28,2025-06-30,CUST-0076,Corporate,Central,Ohio,Cleveland,Office Supplies,Storage,File Storage Box,129.53,6,0.0,27.4
ORD-00770,2025-06-28,2025-07-03,CUST-0170,Small Business,Central,Wisconsin,Madison,Office Supplies,Storage,File Storage Box,58.05,3,0.1,9.77
ORD-01057,2025-06-28,2025-06-29,CUST-0372,Consumer,Central,Illinois,Springfield,Office Supplies,Storage,Desktop Organizer,28.34,1,0.0,6.75
ORD-01412,2025-06-28,2025-06-30,CUST-0340,Small Business,South,North Carolina,Raleigh,Technology,Laptops,Business Laptop 14,5947.56,7,0.05,838.58
ORD-01176,2025-06-28,2025-07-01,CUST-0063,Small Business,South,North Carolina,Charlotte,Furniture,Desks,Standing Desk,435.71,1,0.15,28.72
ORD-00593,2025-06-28,2025-06-29,CUST-0318,Small Business,Central,Wisconsin,Madison,Office Supplies,Binders,Document Folder Set,42.71,3,0.1,9.47
ORD-01158,2025-06-28,2025-07-02,CUST-0189,Consumer,West,Arizona,Phoenix,Furniture,Tables,Side Table,755.27,6,0.2,38.3
ORD-00119,2025-06-28,2025-06-30,CUST-0353,Consumer,South,North Carolina,Charlotte,Office Supplies,Storage,Desktop Organizer,158.01,6,0.0,42.11
ORD-00210,2025-06-28,2025-06-29,CUST-0210,Corporate,South,Alabama,Mobile,Furniture,Desks,Standing Desk,1273.73,3,0.15,104.01
ORD-01152,2025-06-29,2025-07-01,CUST-0082,Consumer,Central,Ohio,Cincinnati,Technology,Accessories,Wireless Mouse,86.86,3,0.0,14.95
ORD-00998,2025-06-29,2025-07-03,CUST-0281,Consumer,South,Alabama,Mobile,Technology,Accessories,Wireless Mouse,137.58,5,0.0,24.11
ORD-00373,2025-06-30,2025-07-05,CUST-0004,Consumer,South,South Carolina,Charleston,Office Supplies,Binders,A4 Ring Binder,69.23,7,0.2,10.16
ORD-00675,2025-06-30,2025-07-01,CUST-0331,Corporate,West,Arizona,Tucson,Furniture,Tables,Meeting Table,3848.58,7,0.0,696.98
ORD-00528,2025-06-30,2025-07-05,CUST-0310,Consumer,South,Alabama,Birmingham,Technology,Laptops,Ultrabook Air 13,2221.28,2,0.1,291.96
ORD-00163,2025-06-30,2025-07-04,CUST-0034,Consumer,Central,Wisconsin,Milwaukee,Technology,Phones,5G Phone Max,4154.28,7,0.05,544.64
ORD-00186,2025-07-01,2025-07-03,CUST-0007,Corporate,East,Pennsylvania,Philadelphia,Technology,Phones,5G Phone Max,2359.57,4,0.1,276.77
ORD-01122,2025-07-01,2025-07-05,CUST-0065,Consumer,Central,Michigan,Detroit,Furniture,Chairs,Ergonomic Office Chair,1386.67,7,0.15,119.37
ORD-00291,2025-07-01,2025-07-03,CUST-0252,Corporate,West,California,San Diego,Office Supplies,Binders,A4 Ring Binder,34.13,3,0.1,6.31
ORD-01339,2025-07-01,2025-07-03,CUST-0374,Small Business,South,Louisiana,Shreveport,Technology,Laptops,Business Laptop 14,3978.43,5,0.15,406.18
ORD-00339,2025-07-01,2025-07-05,CUST-0321,Corporate,East,New York,Rochester,Technology,Accessories,Wireless Mouse,147.51,5,0.0,24.23
ORD-01146,2025-07-02,2025-07-07,CUST-0175,Consumer,East,Virginia,Virginia Beach,Furniture,Tables,Side Table,847.85,5,0.0,153.48
ORD-00751,2025-07-02,2025-07-06,CUST-0326,Consumer,South,North Carolina,Greensboro,Furniture,Chairs,Visitor Chair,103.53,1,0.2,4.9
ORD-00929,2025-07-02,2025-07-07,CUST-0294,Corporate,West,Nevada,Las Vegas,Furniture,Desks,Compact Study Desk,185.56,1,0.15,12.53
ORD-01403,2025-07-02,2025-07-05,CUST-0147,Consumer,South,South Carolina,Columbia,Technology,Laptops,Ultrabook Air 13,5010.17,5,0.15,501.04
ORD-00317,2025-07-02,2025-07-05,CUST-0171,Corporate,East,Florida,Orlando,Office Supplies,Binders,Premium Binder,31.84,2,0.05,7.14
ORD-01205,2025-07-03,2025-07-06,CUST-0141,Consumer,South,Tennessee,Memphis,Furniture,Tables,Round Conference Table,906.86,2,0.0,156.29
ORD-01155,2025-07-03,2025-07-06,CUST-0096,Consumer,East,Virginia,Richmond,Technology,Laptops,Business Laptop 14,4199.68,5,0.1,522.89
ORD-01119,2025-07-03,2025-07-08,CUST-0345,Consumer,East,New York,Rochester,Office Supplies,Binders,Premium Binder,98.16,6,0.05,18.15
ORD-00230,2025-07-03,2025-07-05,CUST-0228,Consumer,South,North Carolina,Raleigh,Furniture,Tables,Side Table,222.01,2,0.3,-1.27
ORD-00377,2025-07-04,2025-07-06,CUST-0352,Consumer,South,South Carolina,Charleston,Furniture,Desks,Office Work Desk,587.73,2,0.05,63.17
ORD-01116,2025-07-04,2025-07-05,CUST-0237,Corporate,Central,Texas,Dallas,Technology,Laptops,Business Laptop 14,6384.0,7,0.05,1156.38
ORD-01406,2025-07-04,2025-07-07,CUST-0390,Corporate,West,Washington,Tacoma,Furniture,Tables,Meeting Table,480.94,1,0.05,72.48
ORD-01125,2025-07-04,2025-07-06,CUST-0371,Consumer,Central,Ohio,Columbus,Office Supplies,Binders,A4 Ring Binder,25.5,2,0.0,6.1
ORD-00488,2025-07-04,2025-07-07,CUST-0292,Small Business,Central,Michigan,Detroit,Office Supplies,Storage,Desktop Organizer,27.47,1,0.0,6.77
ORD-00305,2025-07-04,2025-07-09,CUST-0123,Consumer,South,Alabama,Montgomery,Office Supplies,Binders,A4 Ring Binder,23.29,2,0.1,3.85
ORD-00657,2025-07-05,2025-07-10,CUST-0353,Consumer,East,Florida,Miami,Office Supplies,Paper,Copy Paper Box,91.81,3,0.1,17.02
ORD-01019,2025-07-05,2025-07-07,CUST-0312,Small Business,Central,Texas,Dallas,Office Supplies,Paper,Premium Printing Paper,229.87,6,0.1,39.29
ORD-00909,2025-07-05,2025-07-09,CUST-0255,Consumer,East,Florida,Jacksonville,Furniture,Chairs,Visitor Chair,410.74,4,0.15,28.36
ORD-00107,2025-07-05,2025-07-06,CUST-0181,Small Business,East,Pennsylvania,Allentown,Office Supplies,Storage,File Storage Box,54.56,3,0.2,8.05
ORD-00967,2025-07-05,2025-07-07,CUST-0136,Corporate,East,Georgia,Atlanta,Furniture,Tables,Meeting Table,3026.27,6,0.1,361.66
ORD-00615,2025-07-05,2025-07-07,CUST-0026,Consumer,Central,Illinois,Chicago,Technology,Accessories,Mechanical Keyboard,434.71,6,0.05,60.56
ORD-00127,2025-07-05,2025-07-07,CUST-0014,Consumer,Central,Wisconsin,Madison,Office Supplies,Binders,Document Folder Set,15.52,1,0.0,4.33
ORD-00027,2025-07-05,2025-07-10,CUST-0060,Corporate,East,Georgia,Savannah,Technology,Laptops,Ultrabook Air 13,7497.58,7,0.05,1153.55
ORD-01472,2025-07-06,2025-07-08,CUST-0047,Small Business,Central,Wisconsin,Milwaukee,Technology,Phones,Smartphone Pro 12,1308.16,2,0.2,107.91
ORD-00250,2025-07-06,2025-07-10,CUST-0016,Consumer,East,New York,Buffalo,Office Supplies,Binders,Premium Binder,14.62,1,0.15,2.43
ORD-00688,2025-07-06,2025-07-11,CUST-0327,Corporate,Central,Michigan,Grand Rapids,Technology,Phones,Smartphone Pro 12,671.23,1,0.2,55.59
ORD-00748,2025-07-06,2025-07-09,CUST-0181,Consumer,East,New York,Rochester,Furniture,Tables,Side Table,639.96,4,0.05,72.12
ORD-00148,2025-07-07,2025-07-08,CUST-0379,Consumer,Central,Ohio,Cleveland,Furniture,Chairs,Executive Chair,1696.66,4,0.0,238.01
ORD-01098,2025-07-07,2025-07-08,CUST-0156,Consumer,South,Louisiana,Shreveport,Furniture,Chairs,Executive Chair,2959.99,7,0.0,437.1
ORD-00097,2025-07-07,2025-07-08,CUST-0397,Corporate,West,Washington,Tacoma,Technology,Accessories,USB-C Hub,184.98,4,0.1,23.48
ORD-00185,2025-07-07,2025-07-09,CUST-0336,Consumer,West,Nevada,Reno,Technology,Laptops,Ultrabook Air 13,6902.76,6,0.0,1444.4
ORD-00952,2025-07-07,2025-07-08,CUST-0038,Consumer,South,Louisiana,Shreveport,Office Supplies,Paper,Premium Printing Paper,124.37,3,0.1,23.03
ORD-00611,2025-07-07,2025-07-08,CUST-0050,Consumer,Central,Ohio,Cincinnati,Furniture,Tables,Side Table,1152.96,7,0.0,161.57
ORD-00964,2025-07-09,2025-07-10,CUST-0146,Small Business,South,Tennessee,Nashville,Technology,Laptops,Gaming Laptop G5,2841.36,2,0.0,496.68
ORD-01064,2025-07-09,2025-07-10,CUST-0152,Corporate,West,Oregon,Eugene,Technology,Laptops,Gaming Laptop G5,2434.94,2,0.1,343.22
ORD-01330,2025-07-10,2025-07-12,CUST-0208,Consumer,South,North Carolina,Greensboro,Office Supplies,Binders,Premium Binder,99.79,6,0.05,22.04
ORD-00567,2025-07-10,2025-07-15,CUST-0188,Consumer,South,Alabama,Montgomery,Technology,Accessories,USB-C Hub,43.14,1,0.15,3.59
ORD-00607,2025-07-10,2025-07-12,CUST-0202,Corporate,Central,Michigan,Grand Rapids,Furniture,Chairs,Ergonomic Office Chair,190.03,1,0.2,9.58
ORD-00689,2025-07-10,2025-07-14,CUST-0132,Consumer,Central,Wisconsin,Milwaukee,Technology,Phones,5G Phone Max,495.35,1,0.2,37.02
ORD-01402,2025-07-10,2025-07-15,CUST-0364,Consumer,Central,Texas,Houston,Furniture,Desks,Standing Desk,784.93,2,0.15,55.2
ORD-00449,2025-07-10,2025-07-12,CUST-0130,Corporate,East,Pennsylvania,Allentown,Office Supplies,Binders,Document Folder Set,72.88,6,0.15,11.34
ORD-00777,2025-07-11,2025-07-12,CUST-0024,Corporate,South,Tennessee,Nashville,Office Supplies,Paper,Copy Paper Box,144.33,7,0.3,9.73
ORD-00214,2025-07-11,2025-07-16,CUST-0240,Consumer,East,Florida,Tampa,Technology,Phones,5G Phone Max,2133.6,4,0.2,134.91
ORD-00341,2025-07-11,2025-07-14,CUST-0273,Consumer,East,New York,New York City,Technology,Phones,Smartphone Pro 12,2221.16,3,0.0,421.73
ORD-00053,2025-07-11,2025-07-15,CUST-0030,Corporate,South,South Carolina,Columbia,Office Supplies,Storage,Archive Box Set,81.96,3,0.2,10.71
ORD-01235,2025-07-11,2025-07-13,CUST-0021,Consumer,East,New York,Rochester,Office Supplies,Binders,Premium Binder,104.97,7,0.15,19.36
ORD-00954,2025-07-12,2025-07-17,CUST-0254,Corporate,South,Alabama,Birmingham,Technology,Accessories,USB-C Hub,291.56,6,0.0,54.6
ORD-01056,2025-07-12,2025-07-14,CUST-0224,Consumer,Central,Illinois,Springfield,Furniture,Tables,Meeting Table,358.7,1,0.3,-2.08
ORD-01077,2025-07-12,2025-07-13,CUST-0080,Corporate,South,South Carolina,Columbia,Furniture,Chairs,Ergonomic Office Chair,1761.21,7,0.0,253.47
ORD-00498,2025-07-13,2025-07-15,CUST-0298,Consumer,East,Virginia,Virginia Beach,Technology,Phones,Smartphone Pro 12,5305.72,7,0.05,751.1
ORD-01413,2025-07-13,2025-07-17,CUST-0276,Corporate,East,Pennsylvania,Philadelphia,Technology,Accessories,USB-C Hub,72.4,2,0.2,5.43
ORD-00471,2025-07-13,2025-07-14,CUST-0140,Corporate,Central,Illinois,Chicago,Office Supplies,Paper,Recycled Paper Pack,53.05,2,0.05,12.44
ORD-00905,2025-07-13,2025-07-18,CUST-0396,Corporate,Central,Texas,San Antonio,Technology,Phones,5G Phone Max,2722.22,5,0.2,166.47
ORD-00602,2025-07-13,2025-07-15,CUST-0010,Small Business,East,Virginia,Richmond,Office Supplies,Binders,A4 Ring Binder,60.65,7,0.3,4.86
ORD-00234,2025-07-13,2025-07-16,CUST-0065,Consumer,West,Oregon,Eugene,Furniture,Tables,Side Table,301.24,2,0.1,29.03
ORD-00312,2025-07-14,2025-07-19,CUST-0207,Consumer,Central,Ohio,Cleveland,Office Supplies,Binders,A4 Ring Binder,73.1,6,0.0,15.89
ORD-00267,2025-07-14,2025-07-18,CUST-0279,Consumer,East,Florida,Jacksonville,Office Supplies,Binders,A4 Ring Binder,50.89,4,0.0,12.4
ORD-00111,2025-07-15,2025-07-17,CUST-0306,Small Business,South,Alabama,Mobile,Technology,Laptops,Business Laptop 14,1587.28,2,0.05,200.88
ORD-01375,2025-07-15,2025-07-16,CUST-0161,Small Business,South,South Carolina,Charleston,Office Supplies,Storage,Archive Box Set,85.47,3,0.2,12.48
ORD-00694,2025-07-15,2025-07-17,CUST-0110,Consumer,Central,Michigan,Detroit,Office Supplies,Binders,Document Folder Set,67.7,5,0.05,14.43
ORD-00845,2025-07-15,2025-07-18,CUST-0003,Corporate,West,Arizona,Tucson,Office Supplies,Storage,Archive Box Set,191.71,6,0.05,34.55
ORD-01269,2025-07-16,2025-07-21,CUST-0086,Small Business,East,Georgia,Savannah,Office Supplies,Binders,Premium Binder,95.82,5,0.0,18.81
ORD-00182,2025-07-17,2025-07-18,CUST-0350,Corporate,East,Virginia,Norfolk,Furniture,Chairs,Ergonomic Office Chair,921.15,4,0.05,98.92
ORD-01025,2025-07-17,2025-07-19,CUST-0069,Consumer,East,Virginia,Virginia Beach,Office Supplies,Storage,Desktop Organizer,102.17,4,0.1,20.88
ORD-00550,2025-07-17,2025-07-22,CUST-0393,Corporate,East,Virginia,Virginia Beach,Office Supplies,Paper,Recycled Paper Pack,90.89,4,0.15,14.56
ORD-01133,2025-07-17,2025-07-18,CUST-0028,Consumer,West,Arizona,Tucson,Office Supplies,Binders,Document Folder Set,80.37,6,0.1,11.99
ORD-00893,2025-07-18,2025-07-19,CUST-0249,Consumer,South,Louisiana,Baton Rouge,Office Supplies,Storage,Desktop Organizer,100.74,4,0.0,20.02
ORD-01200,2025-07-18,2025-07-22,CUST-0138,Consumer,West,Arizona,Phoenix,Office Supplies,Storage,Desktop Organizer,24.39,1,0.1,4.21
ORD-01340,2025-07-19,2025-07-24,CUST-0293,Corporate,West,Arizona,Phoenix,Furniture,Tables,Meeting Table,3748.55,7,0.0,695.51
ORD-00801,2025-07-19,2025-07-21,CUST-0061,Consumer,Central,Michigan,Grand Rapids,Office Supplies,Paper,Copy Paper Box,97.39,3,0.0,24.3
ORD-01028,2025-07-19,2025-07-24,CUST-0384,Consumer,East,Georgia,Augusta,Furniture,Chairs,Ergonomic Office Chair,1495.39,7,0.15,94.16
ORD-01304,2025-07-19,2025-07-23,CUST-0243,Corporate,East,Virginia,Richmond,Technology,Laptops,Business Laptop 14,3800.61,4,0.0,678.63
ORD-01211,2025-07-20,2025-07-21,CUST-0170,Consumer,South,Tennessee,Nashville,Office Supplies,Paper,Recycled Paper Pack,110.79,4,0.0,30.07
ORD-00201,2025-07-20,2025-07-25,CUST-0227,Corporate,South,Alabama,Birmingham,Technology,Accessories,USB-C Hub,149.66,4,0.2,9.89
ORD-00620,2025-07-20,2025-07-21,CUST-0320,Small Business,South,Tennessee,Nashville,Office Supplies,Paper,Copy Paper Box,34.52,1,0.0,7.98
ORD-00894,2025-07-20,2025-07-21,CUST-0107,Small Business,East,New York,Rochester,Furniture,Tables,Side Table,780.68,6,0.15,59.94
ORD-00047,2025-07-20,2025-07-21,CUST-0010,Corporate,West,Arizona,Tucson,Technology,Phones,Budget Smartphone X,1090.67,3,0.15,115.94
ORD-00753,2025-07-21,2025-07-26,CUST-0252,Consumer,West,Washington,Spokane,Furniture,Chairs,Executive Chair,2647.32,7,0.0,467.75
ORD-01189,2025-07-21,2025-07-22,CUST-0359,Consumer,Central,Ohio,Cleveland,Technology,Phones,Budget Smartphone X,1140.67,3,0.1,134.97
ORD-01310,2025-07-21,2025-07-23,CUST-0074,Consumer,East,New York,Rochester,Technology,Laptops,Ultrabook Air 13,6707.75,7,0.15,535.98
ORD-00809,2025-07-22,2025-07-27,CUST-0373,Consumer,South,Louisiana,New Orleans,Technology,Accessories,USB-C Hub,283.38,6,0.1,28.93
ORD-00988,2025-07-22,2025-07-25,CUST-0138,Consumer,West,Arizona,Tucson,Office Supplies,Storage,Desktop Organizer,131.79,5,0.0,35.9
ORD-00990,2025-07-22,2025-07-24,CUST-0358,Corporate,South,Tennessee,Knoxville,Technology,Laptops,Ultrabook Air 13,5144.87,4,0.0,788.49
ORD-00734,2025-07-23,2025-07-26,CUST-0221,Consumer,East,Pennsylvania,Pittsburgh,Technology,Accessories,USB-C Hub,43.22,1,0.15,3.88
ORD-00474,2025-07-23,2025-07-25,CUST-0248,Consumer,South,Alabama,Birmingham,Furniture,Chairs,Visitor Chair,211.28,2,0.15,15.17
ORD-01368,2025-07-24,2025-07-28,CUST-0078,Consumer,South,Alabama,Mobile,Furniture,Tables,Meeting Table,2974.18,6,0.15,261.46
ORD-00051,2025-07-24,2025-07-26,CUST-0268,Corporate,South,North Carolina,Charlotte,Technology,Accessories,USB-C Hub,92.75,2,0.05,16.02
ORD-00836,2025-07-24,2025-07-28,CUST-0097,Corporate,East,Pennsylvania,Allentown,Furniture,Chairs,Ergonomic Office Chair,849.42,4,0.15,59.74
ORD-01034,2025-07-24,2025-07-27,CUST-0192,Consumer,South,North Carolina,Charlotte,Office Supplies,Binders,A4 Ring Binder,44.46,4,0.0,11.63
ORD-00205,2025-07-25,2025-07-26,CUST-0286,Corporate,East,New York,Rochester,Office Supplies,Storage,Archive Box Set,144.56,4,0.0,35.26
ORD-00431,2025-07-25,2025-07-30,CUST-0256,Small Business,Central,Ohio,Cincinnati,Technology,Accessories,USB-C Hub,227.61,6,0.2,17.69
ORD-00976,2025-07-25,2025-07-30,CUST-0081,Consumer,Central,Wisconsin,Milwaukee,Technology,Laptops,Business Laptop 14,5746.89,6,0.0,916.52
ORD-01321,2025-07-25,2025-07-27,CUST-0357,Consumer,Central,Texas,Dallas,Office Supplies,Storage,Desktop Organizer,74.77,3,0.05,15.41
ORD-00325,2025-07-26,2025-07-29,CUST-0011,Consumer,East,Georgia,Savannah,Technology,Phones,5G Phone Max,2331.07,4,0.15,267.1
ORD-00322,2025-07-26,2025-07-30,CUST-0026,Small Business,South,Alabama,Mobile,Office Supplies,Paper,Premium Printing Paper,227.61,5,0.0,49.75
ORD-01113,2025-07-26,2025-07-31,CUST-0244,Consumer,Central,Illinois,Springfield,Technology,Phones,5G Phone Max,2041.42,3,0.0,383.92
ORD-00485,2025-07-26,2025-07-30,CUST-0308,Consumer,East,Virginia,Virginia Beach,Office Supplies,Binders,Premium Binder,48.78,3,0.05,8.83
ORD-00311,2025-07-26,2025-07-27,CUST-0239,Corporate,South,North Carolina,Raleigh,Technology,Laptops,Gaming Laptop G5,1937.0,2,0.3,29.63
ORD-00251,2025-07-27,2025-07-30,CUST-0132,Small Business,East,Georgia,Atlanta,Furniture,Chairs,Visitor Chair,112.22,1,0.1,10.4
ORD-01190,2025-07-27,2025-08-01,CUST-0067,Consumer,Central,Ohio,Cleveland,Technology,Laptops,Gaming Laptop G5,4076.28,3,0.1,557.47
ORD-00823,2025-07-27,2025-08-01,CUST-0179,Consumer,Central,Ohio,Cincinnati,Office Supplies,Paper,Recycled Paper Pack,101.0,4,0.1,18.38
ORD-01336,2025-07-27,2025-07-30,CUST-0098,Consumer,West,California,San Jose,Office Supplies,Storage,Desktop Organizer,150.67,6,0.1,26.66
ORD-01058,2025-07-27,2025-08-01,CUST-0178,Consumer,West,Oregon,Eugene,Furniture,Tables,Side Table,139.02,1,0.15,11.23
ORD-00831,2025-07-28,2025-08-02,CUST-0370,Consumer,East,Georgia,Atlanta,Office Supplies,Storage,Desktop Organizer,95.07,4,0.15,13.2
ORD-00514,2025-07-29,2025-08-02,CUST-0085,Consumer,Central,Michigan,Detroit,Technology,Laptops,Ultrabook Air 13,4368.08,4,0.15,387.59
ORD-00572,2025-07-29,2025-07-31,CUST-0293,Small Business,Central,Illinois,Springfield,Office Supplies,Storage,File Storage Box,17.66,1,0.15,2.63
ORD-00098,2025-07-29,2025-08-01,CUST-0379,Small Business,West,Arizona,Tucson,Office Supplies,Storage,Desktop Organizer,57.24,2,0.0,13.9
ORD-00864,2025-07-29,2025-07-31,CUST-0191,Corporate,South,Tennessee,Nashville,Furniture,Chairs,Executive Chair,1699.15,5,0.1,153.34
ORD-00278,2025-07-29,2025-08-02,CUST-0334,Consumer,South,Alabama,Birmingham,Technology,Accessories,Wireless Mouse,88.4,3,0.05,13.11
ORD-01231,2025-07-29,2025-08-02,CUST-0160,Consumer,Central,Wisconsin,Milwaukee,Technology,Accessories,Wireless Mouse,54.97,2,0.1,6.01
ORD-01373,2025-07-30,2025-08-02,CUST-0075,Consumer,Central,Texas,Houston,Technology,Accessories,USB-C Hub,295.72,6,0.05,51.39
ORD-00492,2025-07-30,2025-08-01,CUST-0373,Small Business,South,South Carolina,Columbia,Furniture,Tables,Side Table,311.42,2,0.05,45.11
ORD-00180,2025-07-30,2025-08-01,CUST-0319,Corporate,Central,Wisconsin,Madison,Office Supplies,Storage,Archive Box Set,170.19,5,0.0,39.77
ORD-01432,2025-07-30,2025-08-03,CUST-0364,Consumer,West,Nevada,Las Vegas,Technology,Accessories,USB-C Hub,119.99,3,0.15,11.21
ORD-01179,2025-07-31,2025-08-02,CUST-0009,Consumer,South,North Carolina,Greensboro,Technology,Laptops,Ultrabook Air 13,1094.61,1,0.15,88.45
ORD-01247,2025-07-31,2025-08-02,CUST-0088,Consumer,South,North Carolina,Charlotte,Technology,Phones,Smartphone Pro 12,1944.82,3,0.2,156.49
ORD-00269,2025-07-31,2025-08-02,CUST-0306,Corporate,East,Florida,Orlando,Furniture,Desks,Compact Study Desk,1361.14,7,0.1,157.73
ORD-00441,2025-07-31,2025-08-01,CUST-0207,Consumer,Central,Wisconsin,Milwaukee,Technology,Accessories,Mechanical Keyboard,152.9,2,0.0,25.54
ORD-01174,2025-07-31,2025-08-05,CUST-0095,Consumer,South,North Carolina,Greensboro,Furniture,Desks,Standing Desk,1948.89,4,0.0,271.1
ORD-00383,2025-07-31,2025-08-01,CUST-0212,Corporate,East,Georgia,Atlanta,Furniture,Tables,Round Conference Table,793.81,2,0.1,74.69
ORD-01039,2025-07-31,2025-08-03,CUST-0091,Small Business,East,New York,Rochester,Technology,Phones,Smartphone Pro 12,3869.7,6,0.15,447.37
ORD-00912,2025-07-31,2025-08-04,CUST-0117,Corporate,East,Pennsylvania,Pittsburgh,Office Supplies,Storage,File Storage Box,39.5,2,0.1,7.45
ORD-01280,2025-08-01,2025-08-04,CUST-0399,Consumer,South,South Carolina,Charleston,Technology,Accessories,Mechanical Keyboard,73.66,1,0.0,13.75
ORD-00985,2025-08-01,2025-08-02,CUST-0240,Corporate,West,California,Fresno,Technology,Accessories,Wireless Mouse,31.08,1,0.0,4.98
ORD-01075,2025-08-01,2025-08-02,CUST-0339,Corporate,West,Washington,Seattle,Technology,Phones,Smartphone Pro 12,3881.44,5,0.0,681.33
ORD-00219,2025-08-01,2025-08-06,CUST-0375,Consumer,Central,Texas,Austin,Office Supplies,Binders,A4 Ring Binder,48.17,4,0.05,9.84
ORD-01426,2025-08-01,2025-08-04,CUST-0345,Consumer,Central,Michigan,Detroit,Office Supplies,Paper,Recycled Paper Pack,146.46,6,0.15,19.51
ORD-00566,2025-08-02,2025-08-04,CUST-0393,Consumer,Central,Ohio,Cleveland,Office Supplies,Paper,Recycled Paper Pack,145.75,5,0.0,29.32
ORD-01488,2025-08-02,2025-08-05,CUST-0023,Consumer,West,Washington,Seattle,Technology,Laptops,Gaming Laptop G5,1290.57,1,0.05,216.4
ORD-01279,2025-08-02,2025-08-05,CUST-0216,Corporate,Central,Michigan,Grand Rapids,Technology,Laptops,Gaming Laptop G5,1457.62,1,0.0,220.35
ORD-00347,2025-08-02,2025-08-03,CUST-0378,Consumer,West,Arizona,Phoenix,Office Supplies,Paper,Premium Printing Paper,240.43,6,0.1,38.51
ORD-01040,2025-08-03,2025-08-06,CUST-0038,Small Business,East,Florida,Tampa,Technology,Laptops,Gaming Laptop G5,2768.02,2,0.05,400.48
ORD-00892,2025-08-03,2025-08-08,CUST-0361,Consumer,East,Georgia,Atlanta,Office Supplies,Paper,Recycled Paper Pack,24.41,1,0.15,3.61
ORD-00088,2025-08-03,2025-08-08,CUST-0362,Small Business,West,Oregon,Eugene,Technology,Phones,Budget Smartphone X,735.6,2,0.1,104.08
ORD-00962,2025-08-04,2025-08-05,CUST-0065,Consumer,West,California,San Diego,Office Supplies,Storage,Archive Box Set,30.63,1,0.1,5.54
ORD-00199,2025-08-04,2025-08-06,CUST-0314,Consumer,Central,Ohio,Cleveland,Office Supplies,Paper,Premium Printing Paper,42.42,1,0.0,9.56
ORD-00724,2025-08-04,2025-08-05,CUST-0247,Consumer,South,Tennessee,Knoxville,Office Supplies,Storage,Archive Box Set,65.44,2,0.05,11.96
ORD-01411,2025-08-04,2025-08-07,CUST-0284,Consumer,South,Alabama,Mobile,Office Supplies,Storage,Desktop Organizer,200.11,7,0.0,45.95
ORD-00505,2025-08-04,2025-08-09,CUST-0035,Small Business,West,Nevada,Las Vegas,Technology,Phones,Smartphone Pro 12,2857.05,4,0.1,342.39
ORD-01087,2025-08-04,2025-08-07,CUST-0385,Corporate,East,Georgia,Savannah,Office Supplies,Storage,File Storage Box,96.7,5,0.05,18.42
ORD-00049,2025-08-05,2025-08-06,CUST-0197,Corporate,Central,Ohio,Cincinnati,Technology,Phones,5G Phone Max,4220.54,7,0.0,870.53
ORD-00042,2025-08-05,2025-08-08,CUST-0173,Consumer,West,Nevada,Reno,Technology,Phones,Budget Smartphone X,2825.86,7,0.05,363.92
ORD-01257,2025-08-05,2025-08-08,CUST-0279,Corporate,West,Oregon,Eugene,Office Supplies,Binders,A4 Ring Binder,47.35,4,0.0,9.77
ORD-00898,2025-08-05,2025-08-08,CUST-0128,Consumer,South,North Carolina,Raleigh,Technology,Phones,Budget Smartphone X,1227.91,3,0.0,179.65
ORD-01093,2025-08-05,2025-08-08,CUST-0125,Consumer,West,Arizona,Tucson,Furniture,Desks,Standing Desk,2488.75,5,0.0,333.03
ORD-00243,2025-08-06,2025-08-10,CUST-0011,Corporate,West,California,Fresno,Office Supplies,Paper,Recycled Paper Pack,207.78,7,0.0,43.54
ORD-00103,2025-08-06,2025-08-07,CUST-0061,Corporate,West,California,San Diego,Technology,Phones,Budget Smartphone X,2801.16,7,0.0,523.83
ORD-01014,2025-08-06,2025-08-07,CUST-0246,Consumer,Central,Michigan,Grand Rapids,Technology,Laptops,Business Laptop 14,2548.52,3,0.0,448.06
ORD-01209,2025-08-06,2025-08-10,CUST-0138,Consumer,East,Florida,Jacksonville,Office Supplies,Paper,Copy Paper Box,109.12,4,0.1,17.68
ORD-00910,2025-08-06,2025-08-10,CUST-0335,Consumer,Central,Texas,Houston,Furniture,Desks,Office Work Desk,1213.28,4,0.0,206.65
ORD-01249,2025-08-06,2025-08-09,CUST-0049,Consumer,West,Arizona,Phoenix,Office Supplies,Storage,Archive Box Set,128.28,4,0.1,25.81
ORD-00429,2025-08-07,2025-08-08,CUST-0227,Consumer,South,Alabama,Montgomery,Furniture,Chairs,Ergonomic Office Chair,478.99,2,0.05,58.59
ORD-01306,2025-08-07,2025-08-10,CUST-0367,Consumer,West,Oregon,Portland,Office Supplies,Paper,Copy Paper Box,140.32,5,0.15,23.8
ORD-00443,2025-08-07,2025-08-11,CUST-0181,Consumer,West,Arizona,Tucson,Furniture,Desks,Office Work Desk,1121.73,4,0.2,63.26
ORD-01395,2025-08-07,2025-08-08,CUST-0044,Corporate,East,Florida,Orlando,Office Supplies,Storage,File Storage Box,125.23,6,0.1,27.21
ORD-00902,2025-08-08,2025-08-13,CUST-0119,Consumer,East,New York,Buffalo,Office Supplies,Paper,Recycled Paper Pack,173.64,7,0.05,37.79
ORD-01424,2025-08-08,2025-08-10,CUST-0344,Consumer,Central,Illinois,Peoria,Technology,Phones,Budget Smartphone X,2665.86,7,0.1,292.69
ORD-00389,2025-08-08,2025-08-12,CUST-0051,Consumer,West,Oregon,Eugene,Technology,Accessories,USB-C Hub,126.94,3,0.2,9.6
ORD-00919,2025-08-08,2025-08-11,CUST-0187,Consumer,East,Florida,Miami,Office Supplies,Paper,Copy Paper Box,30.59,1,0.0,7.51
ORD-00126,2025-08-08,2025-08-10,CUST-0243,Small Business,South,Alabama,Mobile,Office Supplies,Paper,Copy Paper Box,64.43,2,0.05,15.89
ORD-00970,2025-08-08,2025-08-10,CUST-0043,Consumer,Central,Michigan,Grand Rapids,Office Supplies,Binders,A4 Ring Binder,18.69,2,0.2,2.26
ORD-00309,2025-08-08,2025-08-10,CUST-0332,Small Business,Central,Wisconsin,Madison,Furniture,Tables,Meeting Table,889.48,2,0.2,46.83
ORD-00351,2025-08-08,2025-08-13,CUST-0111,Small Business,Central,Texas,Austin,Office Supplies,Storage,Desktop Organizer,174.7,7,0.0,42.32
ORD-00812,2025-08-08,2025-08-11,CUST-0028,Consumer,Central,Texas,Dallas,Furniture,Desks,Standing Desk,2058.35,4,0.0,318.53
ORD-00140,2025-08-09,2025-08-12,CUST-0021,Consumer,Central,Texas,San Antonio,Office Supplies,Storage,Archive Box Set,93.72,3,0.15,16.05
ORD-01273,2025-08-09,2025-08-13,CUST-0049,Consumer,South,South Carolina,Columbia,Office Supplies,Storage,Desktop Organizer,69.76,3,0.15,9.66
ORD-00974,2025-08-09,2025-08-11,CUST-0167,Consumer,West,California,Fresno,Technology,Laptops,Business Laptop 14,3297.5,4,0.15,344.58
ORD-01168,2025-08-09,2025-08-12,CUST-0285,Corporate,West,Arizona,Tucson,Office Supplies,Binders,Document Folder Set,15.78,1,0.0,3.92
ORD-00238,2025-08-09,2025-08-10,CUST-0183,Consumer,East,Georgia,Augusta,Office Supplies,Binders,Premium Binder,88.79,5,0.0,23.52
ORD-00124,2025-08-09,2025-08-12,CUST-0202,Consumer,East,Georgia,Augusta,Technology,Laptops,Ultrabook Air 13,3882.65,3,0.0,831.61
ORD-00780,2025-08-09,2025-08-11,CUST-0039,Consumer,East,Florida,Orlando,Office Supplies,Paper,Copy Paper Box,32.78,1,0.0,8.54
ORD-00784,2025-08-09,2025-08-12,CUST-0093,Consumer,South,Louisiana,New Orleans,Technology,Accessories,Mechanical Keyboard,132.35,2,0.1,17.16
ORD-00432,2025-08-10,2025-08-15,CUST-0038,Small Business,South,North Carolina,Charlotte,Technology,Laptops,Business Laptop 14,4007.09,5,0.1,577.0
ORD-00397,2025-08-10,2025-08-14,CUST-0200,Consumer,South,South Carolina,Columbia,Furniture,Chairs,Visitor Chair,175.56,2,0.3,-0.84
ORD-00722,2025-08-11,2025-08-14,CUST-0135,Corporate,South,South Carolina,Charleston,Office Supplies,Paper,Premium Printing Paper,60.96,2,0.3,4.75
ORD-01392,2025-08-11,2025-08-16,CUST-0375,Corporate,South,South Carolina,Columbia,Office Supplies,Binders,Document Folder Set,9.67,1,0.3,0.59
ORD-00040,2025-08-11,2025-08-16,CUST-0168,Small Business,Central,Wisconsin,Milwaukee,Technology,Laptops,Gaming Laptop G5,5307.93,4,0.1,760.86
ORD-00256,2025-08-12,2025-08-15,CUST-0006,Small Business,West,Washington,Seattle,Office Supplies,Paper,Premium Printing Paper,258.41,6,0.05,53.44
ORD-00718,2025-08-13,2025-08-15,CUST-0054,Consumer,West,Arizona,Phoenix,Furniture,Chairs,Visitor Chair,373.56,3,0.1,39.87
ORD-01499,2025-08-13,2025-08-14,CUST-0172,Consumer,Central,Wisconsin,Madison,Technology,Accessories,Wireless Mouse,27.97,1,0.1,2.9
ORD-01437,2025-08-13,2025-08-18,CUST-0284,Consumer,Central,Illinois,Peoria,Furniture,Desks,Compact Study Desk,551.39,3,0.1,68.16
ORD-00070,2025-08-13,2025-08-17,CUST-0015,Consumer,East,Pennsylvania,Pittsburgh,Technology,Accessories,USB-C Hub,240.01,6,0.2,15.69
ORD-00022,2025-08-14,2025-08-18,CUST-0158,Corporate,West,California,Fresno,Furniture,Chairs,Visitor Chair,528.01,4,0.0,73.57
ORD-00799,2025-08-14,2025-08-15,CUST-0292,Corporate,South,Alabama,Mobile,Office Supplies,Paper,Recycled Paper Pack,181.81,7,0.1,38.79
ORD-00578,2025-08-14,2025-08-19,CUST-0273,Consumer,South,Louisiana,Baton Rouge,Furniture,Tables,Meeting Table,1378.53,3,0.1,138.03
ORD-00945,2025-08-14,2025-08-18,CUST-0359,Corporate,South,Alabama,Birmingham,Technology,Laptops,Business Laptop 14,887.85,1,0.0,178.13
ORD-00573,2025-08-14,2025-08-15,CUST-0007,Consumer,East,Virginia,Norfolk,Technology,Laptops,Business Laptop 14,1172.09,2,0.3,16.56
ORD-00470,2025-08-14,2025-08-15,CUST-0139,Corporate,South,Tennessee,Knoxville,Office Supplies,Paper,Premium Printing Paper,172.26,5,0.2,21.54
ORD-00378,2025-08-14,2025-08-18,CUST-0101,Corporate,South,Alabama,Montgomery,Office Supplies,Paper,Recycled Paper Pack,54.15,2,0.1,8.22
ORD-00153,2025-08-14,2025-08-18,CUST-0190,Consumer,West,Nevada,Las Vegas,Technology,Phones,Smartphone Pro 12,1289.4,2,0.2,83.24
ORD-00692,2025-08-14,2025-08-19,CUST-0167,Corporate,West,Washington,Seattle,Technology,Accessories,Wireless Mouse,69.79,3,0.15,6.69
ORD-00045,2025-08-15,2025-08-16,CUST-0012,Consumer,East,Virginia,Virginia Beach,Office Supplies,Paper,Recycled Paper Pack,141.52,7,0.3,10.12
ORD-01274,2025-08-15,2025-08-17,CUST-0138,Corporate,West,Arizona,Tucson,Office Supplies,Binders,Premium Binder,116.88,7,0.0,25.21
ORD-00798,2025-08-15,2025-08-18,CUST-0101,Corporate,West,Nevada,Las Vegas,Technology,Phones,Smartphone Pro 12,4339.59,6,0.15,484.64
ORD-00755,2025-08-15,2025-08-20,CUST-0059,Consumer,West,Washington,Tacoma,Office Supplies,Paper,Recycled Paper Pack,122.46,5,0.1,19.13
ORD-01266,2025-08-15,2025-08-18,CUST-0088,Consumer,Central,Michigan,Detroit,Furniture,Tables,Meeting Table,488.68,1,0.1,43.42
ORD-00676,2025-08-15,2025-08-19,CUST-0147,Corporate,West,Arizona,Phoenix,Office Supplies,Paper,Copy Paper Box,91.85,3,0.05,16.93
ORD-00832,2025-08-15,2025-08-17,CUST-0152,Consumer,West,Washington,Seattle,Technology,Phones,5G Phone Max,2853.25,5,0.05,365.86
ORD-00774,2025-08-16,2025-08-17,CUST-0080,Consumer,South,Tennessee,Knoxville,Office Supplies,Binders,Premium Binder,64.89,4,0.05,14.83
ORD-01239,2025-08-16,2025-08-18,CUST-0121,Consumer,West,Nevada,Las Vegas,Office Supplies,Binders,Premium Binder,33.55,2,0.05,6.45
ORD-00343,2025-08-16,2025-08-20,CUST-0208,Corporate,East,Virginia,Richmond,Technology,Laptops,Gaming Laptop G5,5455.77,4,0.0,1113.46
ORD-00262,2025-08-16,2025-08-19,CUST-0113,Small Business,West,Oregon,Eugene,Technology,Phones,5G Phone Max,545.85,1,0.1,55.48
ORD-00437,2025-08-16,2025-08-21,CUST-0079,Corporate,South,South Carolina,Charleston,Technology,Phones,Smartphone Pro 12,1576.17,2,0.05,258.3
ORD-00541,2025-08-17,2025-08-22,CUST-0161,Small Business,East,New York,Rochester,Technology,Phones,Budget Smartphone X,1615.97,4,0.0,302.23
ORD-01047,2025-08-17,2025-08-21,CUST-0374,Corporate,Central,Michigan,Grand Rapids,Furniture,Desks,Office Work Desk,314.43,1,0.1,32.04
ORD-00653,2025-08-17,2025-08-19,CUST-0105,Corporate,Central,Wisconsin,Madison,Technology,Laptops,Business Laptop 14,3844.31,6,0.3,52.17
ORD-00720,2025-08-17,2025-08-20,CUST-0144,Small Business,Central,Texas,Dallas,Office Supplies,Paper,Copy Paper Box,98.77,3,0.0,26.95
ORD-01224,2025-08-18,2025-08-20,CUST-0198,Small Business,Central,Wisconsin,Milwaukee,Technology,Accessories,Wireless Mouse,44.42,2,0.2,3.49
ORD-00574,2025-08-18,2025-08-23,CUST-0366,Consumer,South,Louisiana,Shreveport,Technology,Laptops,Gaming Laptop G5,5331.99,4,0.1,771.53
ORD-01259,2025-08-18,2025-08-19,CUST-0226,Consumer,West,Oregon,Eugene,Furniture,Chairs,Visitor Chair,226.03,2,0.05,29.73
ORD-00585,2025-08-19,2025-08-24,CUST-0114,Consumer,Central,Illinois,Chicago,Furniture,Tables,Side Table,575.72,4,0.15,45.36
ORD-00011,2025-08-19,2025-08-24,CUST-0134,Consumer,West,Oregon,Portland,Technology,Accessories,USB-C Hub,239.88,6,0.2,15.42
ORD-00655,2025-08-19,2025-08-20,CUST-0062,Consumer,Central,Wisconsin,Madison,Furniture,Desks,Compact Study Desk,456.62,2,0.0,60.49
ORD-00664,2025-08-19,2025-08-23,CUST-0327,Small Business,South,South Carolina,Charleston,Technology,Laptops,Ultrabook Air 13,1090.45,1,0.1,148.01
ORD-01230,2025-08-20,2025-08-25,CUST-0035,Consumer,West,Arizona,Tucson,Technology,Phones,Smartphone Pro 12,2202.55,3,0.05,372.04
ORD-01376,2025-08-21,2025-08-22,CUST-0135,Consumer,East,Florida,Orlando,Office Supplies,Paper,Copy Paper Box,82.68,3,0.15,11.16
ORD-01389,2025-08-21,2025-08-26,CUST-0313,Consumer,West,Washington,Tacoma,Furniture,Chairs,Visitor Chair,252.41,3,0.3,-1.15
ORD-01037,2025-08-21,2025-08-25,CUST-0317,Consumer,Central,Illinois,Peoria,Technology,Laptops,Ultrabook Air 13,5881.98,6,0.15,616.82
ORD-01068,2025-08-21,2025-08-22,CUST-0307,Small Business,East,Virginia,Norfolk,Office Supplies,Binders,A4 Ring Binder,58.13,5,0.0,15.04
ORD-00013,2025-08-21,2025-08-22,CUST-0318,Consumer,East,Florida,Miami,Office Supplies,Paper,Recycled Paper Pack,80.04,3,0.05,18.39
ORD-00299,2025-08-22,2025-08-27,CUST-0137,Consumer,South,Tennessee,Memphis,Technology,Accessories,USB-C Hub,315.63,6,0.0,59.46
ORD-00306,2025-08-22,2025-08-25,CUST-0096,Consumer,West,Oregon,Portland,Office Supplies,Storage,Archive Box Set,195.33,6,0.05,33.96
ORD-00584,2025-08-23,2025-08-26,CUST-0055,Consumer,East,Virginia,Norfolk,Furniture,Chairs,Executive Chair,1323.96,5,0.3,-5.32
ORD-01465,2025-08-23,2025-08-24,CUST-0337,Consumer,Central,Illinois,Springfield,Technology,Laptops,Gaming Laptop G5,6552.02,5,0.05,893.54
ORD-00117,2025-08-24,2025-08-29,CUST-0209,Consumer,South,Alabama,Birmingham,Office Supplies,Storage,Desktop Organizer,156.12,6,0.05,32.29
ORD-01185,2025-08-24,2025-08-25,CUST-0251,Corporate,West,Oregon,Portland,Office Supplies,Storage,File Storage Box,82.63,4,0.0,18.34
ORD-01461,2025-08-25,2025-08-27,CUST-0016,Consumer,East,Pennsylvania,Pittsburgh,Technology,Phones,5G Phone Max,604.83,1,0.05,100.31
ORD-01492,2025-08-25,2025-08-26,CUST-0300,Consumer,South,North Carolina,Raleigh,Office Supplies,Binders,A4 Ring Binder,81.47,7,0.05,16.52
ORD-00286,2025-08-25,2025-08-26,CUST-0367,Small Business,Central,Illinois,Springfield,Technology,Laptops,Gaming Laptop G5,8471.97,6,0.05,1077.15
ORD-00476,2025-08-25,2025-08-27,CUST-0300,Corporate,West,California,San Jose,Technology,Accessories,Mechanical Keyboard,291.48,5,0.3,4.91
ORD-00069,2025-08-25,2025-08-26,CUST-0145,Corporate,Central,Texas,Dallas,Office Supplies,Paper,Recycled Paper Pack,138.27,5,0.05,29.41
ORD-01228,2025-08-26,2025-08-31,CUST-0175,Consumer,South,Louisiana,New Orleans,Furniture,Desks,Office Work Desk,1528.4,5,0.1,159.0
ORD-00869,2025-08-26,2025-08-28,CUST-0107,Consumer,East,Virginia,Virginia Beach,Office Supplies,Storage,File Storage Box,112.59,5,0.0,26.64
ORD-01481,2025-08-27,2025-09-01,CUST-0259,Consumer,East,Virginia,Richmond,Technology,Accessories,Mechanical Keyboard,285.09,4,0.15,29.86
ORD-00301,2025-08-27,2025-08-29,CUST-0305,Consumer,West,California,Los Angeles,Technology,Laptops,Business Laptop 14,6559.62,7,0.0,1265.22
ORD-00981,2025-08-27,2025-08-28,CUST-0127,Consumer,East,Pennsylvania,Pittsburgh,Technology,Laptops,Ultrabook Air 13,2723.61,3,0.2,208.3
ORD-01475,2025-08-28,2025-08-29,CUST-0223,Consumer,South,Alabama,Birmingham,Technology,Phones,Smartphone Pro 12,765.0,1,0.0,155.88
ORD-00466,2025-08-28,2025-09-02,CUST-0044,Corporate,Central,Illinois,Chicago,Technology,Laptops,Gaming Laptop G5,4478.5,4,0.2,291.91
ORD-01374,2025-08-29,2025-08-31,CUST-0222,Corporate,East,New York,New York City,Technology,Accessories,Wireless Mouse,46.14,2,0.15,5.18
ORD-00561,2025-08-29,2025-09-03,CUST-0259,Consumer,West,Washington,Tacoma,Technology,Phones,Budget Smartphone X,969.59,3,0.15,102.45
ORD-00349,2025-08-30,2025-09-04,CUST-0358,Consumer,Central,Texas,San Antonio,Furniture,Chairs,Ergonomic Office Chair,445.62,2,0.1,39.65
ORD-00860,2025-08-30,2025-09-03,CUST-0088,Corporate,East,Georgia,Atlanta,Office Supplies,Binders,Document Folder Set,93.81,6,0.0,22.87
ORD-00133,2025-08-30,2025-09-03,CUST-0294,Consumer,South,Tennessee,Knoxville,Technology,Phones,Smartphone Pro 12,5326.61,7,0.05,808.68
ORD-00509,2025-08-31,2025-09-02,CUST-0350,Consumer,East,Pennsylvania,Allentown,Office Supplies,Paper,Recycled Paper Pack,28.38,1,0.0,6.78
ORD-00125,2025-08-31,2025-09-05,CUST-0004,Consumer,East,Georgia,Atlanta,Technology,Accessories,Wireless Mouse,120.16,6,0.3,2.05
ORD-00092,2025-09-01,2025-09-02,CUST-0061,Small Business,East,New York,Buffalo,Technology,Phones,Budget Smartphone X,743.75,2,0.0,146.09
ORD-00137,2025-09-02,2025-09-05,CUST-0365,Small Business,West,California,San Jose,Office Supplies,Paper,Premium Printing Paper,119.57,3,0.15,21.08
ORD-01226,2025-09-02,2025-09-03,CUST-0394,Consumer,Central,Illinois,Peoria,Technology,Phones,Smartphone Pro 12,3220.91,4,0.0,575.37
ORD-00939,2025-09-02,2025-09-03,CUST-0045,Small Business,South,South Carolina,Columbia,Technology,Laptops,Ultrabook Air 13,5372.14,6,0.2,403.35
ORD-00719,2025-09-02,2025-09-03,CUST-0387,Consumer,East,Virginia,Norfolk,Office Supplies,Binders,A4 Ring Binder,89.06,7,0.0,18.45
ORD-00354,2025-09-02,2025-09-05,CUST-0242,Corporate,South,Tennessee,Memphis,Technology,Accessories,Wireless Mouse,57.77,2,0.0,10.01
ORD-00399,2025-09-03,2025-09-06,CUST-0135,Consumer,West,Nevada,Las Vegas,Office Supplies,Binders,Document Folder Set,26.49,2,0.1,4.03
ORD-00493,2025-09-03,2025-09-07,CUST-0307,Consumer,East,New York,Rochester,Technology,Laptops,Business Laptop 14,4743.13,5,0.0,703.18
ORD-00555,2025-09-03,2025-09-07,CUST-0137,Consumer,West,Washington,Spokane,Technology,Laptops,Gaming Laptop G5,1307.39,1,0.0,212.99
ORD-00334,2025-09-04,2025-09-08,CUST-0345,Consumer,South,North Carolina,Raleigh,Furniture,Tables,Side Table,604.01,4,0.1,70.93
ORD-00054,2025-09-04,2025-09-09,CUST-0205,Small Business,Central,Ohio,Columbus,Technology,Phones,Budget Smartphone X,396.39,1,0.0,85.05
ORD-00083,2025-09-04,2025-09-07,CUST-0096,Consumer,East,Florida,Tampa,Technology,Accessories,Wireless Mouse,70.23,3,0.2,5.35
ORD-01160,2025-09-05,2025-09-08,CUST-0022,Consumer,Central,Wisconsin,Milwaukee,Office Supplies,Storage,Archive Box Set,245.83,7,0.0,68.94
ORD-01314,2025-09-05,2025-09-09,CUST-0234,Corporate,West,Oregon,Portland,Office Supplies,Storage,Desktop Organizer,59.33,3,0.3,4.73
ORD-00850,2025-09-05,2025-09-09,CUST-0044,Small Business,West,Nevada,Reno,Office Supplies,Binders,A4 Ring Binder,10.12,1,0.2,1.39
ORD-00227,2025-09-07,2025-09-10,CUST-0397,Corporate,West,Arizona,Tucson,Technology,Accessories,USB-C Hub,188.6,4,0.05,24.61
ORD-00473,2025-09-07,2025-09-09,CUST-0088,Consumer,East,Virginia,Richmond,Furniture,Chairs,Ergonomic Office Chair,1239.3,6,0.1,124.61
ORD-01264,2025-09-07,2025-09-11,CUST-0004,Consumer,East,Georgia,Atlanta,Office Supplies,Storage,Desktop Organizer,82.15,3,0.0,17.78
ORD-00818,2025-09-07,2025-09-11,CUST-0040,Consumer,East,New York,Rochester,Technology,Phones,5G Phone Max,1236.95,2,0.0,191.26
ORD-00396,2025-09-08,2025-09-12,CUST-0268,Consumer,East,Virginia,Virginia Beach,Furniture,Desks,Compact Study Desk,173.65,1,0.15,13.33
ORD-00436,2025-09-08,2025-09-10,CUST-0105,Corporate,Central,Texas,Dallas,Technology,Phones,Smartphone Pro 12,1660.39,2,0.0,324.09
ORD-00203,2025-09-08,2025-09-12,CUST-0369,Consumer,East,Florida,Tampa,Technology,Laptops,Business Laptop 14,5515.22,6,0.05,710.11
ORD-00258,2025-09-09,2025-09-11,CUST-0390,Consumer,South,Tennessee,Memphis,Technology,Phones,Smartphone Pro 12,1339.96,2,0.1,175.69
ORD-00891,2025-09-09,2025-09-11,CUST-0080,Consumer,South,North Carolina,Raleigh,Technology,Accessories,USB-C Hub,340.6,7,0.05,57.06
ORD-01132,2025-09-09,2025-09-10,CUST-0190,Consumer,East,Pennsylvania,Philadelphia,Technology,Accessories,Wireless Mouse,134.88,5,0.05,18.8
ORD-00458,2025-09-10,2025-09-15,CUST-0304,Consumer,Central,Ohio,Cleveland,Office Supplies,Paper,Copy Paper Box,148.16,5,0.1,29.24
ORD-00634,2025-09-10,2025-09-12,CUST-0281,Small Business,West,Oregon,Portland,Technology,Laptops,Business Laptop 14,5062.08,6,0.0,1021.08
ORD-00866,2025-09-10,2025-09-14,CUST-0346,Corporate,South,South Carolina,Charleston,Technology,Phones,5G Phone Max,1078.42,2,0.1,147.51
ORD-00747,2025-09-10,2025-09-12,CUST-0191,Consumer,West,Arizona,Tucson,Furniture,Chairs,Executive Chair,1759.29,5,0.1,218.05
ORD-00635,2025-09-10,2025-09-15,CUST-0165,Corporate,East,Virginia,Norfolk,Furniture,Desks,Office Work Desk,1181.51,4,0.15,90.95
ORD-00743,2025-09-11,2025-09-13,CUST-0332,Consumer,West,Washington,Tacoma,Furniture,Desks,Office Work Desk,1267.15,4,0.05,189.13
ORD-00183,2025-09-11,2025-09-16,CUST-0049,Consumer,Central,Wisconsin,Madison,Technology,Phones,5G Phone Max,992.8,2,0.2,66.07
ORD-00874,2025-09-11,2025-09-13,CUST-0286,Consumer,Central,Michigan,Detroit,Office Supplies,Paper,Premium Printing Paper,118.25,4,0.3,10.45
ORD-00811,2025-09-11,2025-09-16,CUST-0019,Small Business,West,Arizona,Tucson,Office Supplies,Storage,File Storage Box,17.43,1,0.2,2.71
ORD-00261,2025-09-12,2025-09-17,CUST-0010,Consumer,East,Georgia,Savannah,Furniture,Tables,Round Conference Table,2210.07,5,0.0,409.43
ORD-00265,2025-09-13,2025-09-18,CUST-0132,Consumer,East,Florida,Miami,Furniture,Tables,Meeting Table,2220.97,4,0.05,334.99
ORD-00086,2025-09-13,2025-09-14,CUST-0370,Small Business,Central,Texas,Dallas,Technology,Laptops,Ultrabook Air 13,5078.75,4,0.0,909.58
ORD-00315,2025-09-13,2025-09-18,CUST-0269,Small Business,Central,Ohio,Cincinnati,Furniture,Chairs,Executive Chair,803.24,3,0.3,-3.28
ORD-00024,2025-09-13,2025-09-16,CUST-0386,Consumer,East,Pennsylvania,Philadelphia,Furniture,Tables,Round Conference Table,871.57,2,0.1,78.34
ORD-00363,2025-09-13,2025-09-14,CUST-0025,Consumer,East,New York,Buffalo,Office Supplies,Binders,A4 Ring Binder,63.06,6,0.15,9.3
ORD-01175,2025-09-13,2025-09-14,CUST-0196,Consumer,South,Alabama,Montgomery,Office Supplies,Storage,Archive Box Set,184.91,5,0.0,45.65
ORD-00115,2025-09-14,2025-09-18,CUST-0145,Consumer,Central,Michigan,Grand Rapids,Technology,Phones,Smartphone Pro 12,2863.3,4,0.1,364.1
ORD-00080,2025-09-14,2025-09-17,CUST-0018,Corporate,South,Louisiana,Baton Rouge,Technology,Accessories,Mechanical Keyboard,438.85,6,0.0,78.11
ORD-00613,2025-09-14,2025-09-18,CUST-0203,Corporate,East,Pennsylvania,Philadelphia,Furniture,Tables,Round Conference Table,1689.77,4,0.0,253.67
ORD-01076,2025-09-14,2025-09-15,CUST-0201,Consumer,South,North Carolina,Charlotte,Technology,Accessories,Wireless Mouse,114.69,4,0.0,22.75
ORD-00081,2025-09-14,2025-09-19,CUST-0055,Consumer,Central,Ohio,Cincinnati,Office Supplies,Binders,A4 Ring Binder,61.23,6,0.1,9.89
ORD-00670,2025-09-14,2025-09-15,CUST-0056,Consumer,West,California,San Diego,Technology,Phones,Smartphone Pro 12,5025.31,7,0.15,573.79
ORD-00033,2025-09-14,2025-09-18,CUST-0178,Consumer,South,Louisiana,New Orleans,Technology,Accessories,Mechanical Keyboard,64.58,1,0.2,5.06
ORD-01385,2025-09-15,2025-09-20,CUST-0070,Consumer,Central,Wisconsin,Madison,Furniture,Tables,Meeting Table,2551.59,5,0.0,387.6
ORD-00420,2025-09-15,2025-09-20,CUST-0267,Small Business,West,Arizona,Tucson,Office Supplies,Storage,File Storage Box,63.16,3,0.0,17.57
ORD-01081,2025-09-15,2025-09-20,CUST-0372,Corporate,Central,Wisconsin,Madison,Technology,Accessories,Mechanical Keyboard,259.46,5,0.3,4.24
ORD-01001,2025-09-15,2025-09-17,CUST-0195,Consumer,West,Nevada,Reno,Technology,Laptops,Business Laptop 14,5506.36,6,0.05,978.03
ORD-00788,2025-09-16,2025-09-18,CUST-0181,Small Business,Central,Michigan,Grand Rapids,Office Supplies,Storage,Archive Box Set,171.27,5,0.0,39.51
ORD-01060,2025-09-16,2025-09-19,CUST-0250,Consumer,West,Nevada,Las Vegas,Furniture,Desks,Compact Study Desk,1275.18,7,0.15,80.52
ORD-00707,2025-09-16,2025-09-19,CUST-0087,Consumer,South,Tennessee,Knoxville,Office Supplies,Binders,A4 Ring Binder,49.62,4,0.0,10.0
ORD-00506,2025-09-16,2025-09-21,CUST-0066,Corporate,South,Louisiana,Baton Rouge,Furniture,Desks,Standing Desk,1667.39,4,0.1,156.37
ORD-00236,2025-09-17,2025-09-19,CUST-0145,Consumer,Central,Ohio,Cincinnati,Office Supplies,Binders,Premium Binder,33.7,2,0.0,9.28
ORD-00815,2025-09-17,2025-09-21,CUST-0386,Corporate,South,Alabama,Mobile,Furniture,Tables,Meeting Table,3696.75,7,0.05,406.57
ORD-01362,2025-09-17,2025-09-21,CUST-0352,Consumer,South,North Carolina,Greensboro,Furniture,Tables,Side Table,523.81,4,0.2,25.85
ORD-00259,2025-09-17,2025-09-19,CUST-0008,Small Business,South,Tennessee,Nashville,Furniture,Tables,Side Table,598.09,5,0.3,-2.86
ORD-00683,2025-09-17,2025-09-21,CUST-0001,Consumer,East,New York,Rochester,Furniture,Tables,Round Conference Table,405.63,1,0.05,47.52
ORD-00512,2025-09-17,2025-09-19,CUST-0091,Small Business,Central,Ohio,Columbus,Technology,Laptops,Gaming Laptop G5,4135.15,3,0.0,699.01
ORD-01223,2025-09-18,2025-09-23,CUST-0368,Consumer,East,Pennsylvania,Allentown,Technology,Phones,Smartphone Pro 12,2365.41,4,0.2,191.8
ORD-00073,2025-09-18,2025-09-21,CUST-0254,Corporate,West,Nevada,Reno,Technology,Accessories,USB-C Hub,169.39,4,0.1,19.87
ORD-00540,2025-09-18,2025-09-19,CUST-0289,Small Business,East,Florida,Tampa,Office Supplies,Storage,Desktop Organizer,67.16,3,0.1,12.04
ORD-01213,2025-09-18,2025-09-20,CUST-0372,Consumer,East,Georgia,Atlanta,Office Supplies,Storage,Archive Box Set,208.43,7,0.2,30.74
ORD-00066,2025-09-18,2025-09-21,CUST-0094,Consumer,East,Pennsylvania,Pittsburgh,Furniture,Chairs,Visitor Chair,605.44,5,0.0,95.83
ORD-00839,2025-09-18,2025-09-20,CUST-0379,Consumer,West,California,Fresno,Furniture,Desks,Standing Desk,1358.2,3,0.05,179.71
ORD-01332,2025-09-19,2025-09-20,CUST-0360,Corporate,South,North Carolina,Charlotte,Furniture,Desks,Office Work Desk,1925.92,6,0.0,330.31
ORD-00807,2025-09-19,2025-09-22,CUST-0078,Corporate,South,South Carolina,Columbia,Furniture,Desks,Standing Desk,2121.67,5,0.1,237.62
ORD-00018,2025-09-20,2025-09-21,CUST-0233,Corporate,South,South Carolina,Columbia,Office Supplies,Paper,Copy Paper Box,163.44,6,0.2,22.38
ORD-01298,2025-09-20,2025-09-24,CUST-0365,Consumer,West,Nevada,Reno,Furniture,Desks,Standing Desk,2664.08,6,0.15,184.42
ORD-00456,2025-09-20,2025-09-25,CUST-0348,Consumer,Central,Michigan,Grand Rapids,Office Supplies,Binders,Premium Binder,17.58,1,0.05,3.66
ORD-00557,2025-09-20,2025-09-21,CUST-0277,Consumer,South,South Carolina,Charleston,Office Supplies,Paper,Premium Printing Paper,179.19,5,0.15,28.29
ORD-00992,2025-09-20,2025-09-22,CUST-0242,Consumer,Central,Wisconsin,Milwaukee,Furniture,Chairs,Executive Chair,375.3,1,0.0,68.58
ORD-00819,2025-09-21,2025-09-26,CUST-0351,Corporate,West,California,San Diego,Furniture,Chairs,Visitor Chair,599.73,6,0.2,34.35
ORD-00579,2025-09-21,2025-09-25,CUST-0190,Consumer,West,Washington,Spokane,Office Supplies,Paper,Recycled Paper Pack,197.17,7,0.05,48.29
ORD-00122,2025-09-21,2025-09-23,CUST-0383,Corporate,South,South Carolina,Columbia,Technology,Accessories,USB-C Hub,311.32,7,0.1,40.43
ORD-01482,2025-09-21,2025-09-26,CUST-0001,Consumer,Central,Texas,San Antonio,Technology,Laptops,Business Laptop 14,2619.18,3,0.1,332.29
ORD-01128,2025-09-21,2025-09-25,CUST-0175,Consumer,East,Georgia,Savannah,Office Supplies,Paper,Recycled Paper Pack,149.14,7,0.2,20.26
ORD-01214,2025-09-22,2025-09-26,CUST-0216,Corporate,South,Tennessee,Knoxville,Office Supplies,Storage,Desktop Organizer,69.25,3,0.1,13.03
ORD-00206,2025-09-22,2025-09-24,CUST-0361,Corporate,South,North Carolina,Charlotte,Technology,Phones,5G Phone Max,3070.6,6,0.15,347.63
ORD-01419,2025-09-22,2025-09-25,CUST-0309,Consumer,South,Tennessee,Nashville,Technology,Phones,5G Phone Max,2800.11,4,0.0,567.8
ORD-00454,2025-09-22,2025-09-27,CUST-0131,Consumer,West,Oregon,Portland,Furniture,Desks,Standing Desk,431.98,1,0.1,47.61
ORD-00130,2025-09-23,2025-09-28,CUST-0204,Consumer,South,North Carolina,Charlotte,Office Supplies,Binders,Premium Binder,99.99,6,0.0,26.27
ORD-00282,2025-09-23,2025-09-27,CUST-0041,Consumer,Central,Texas,Austin,Technology,Laptops,Ultrabook Air 13,7303.76,6,0.0,1142.25
ORD-00329,2025-09-23,2025-09-24,CUST-0278,Small Business,South,Tennessee,Memphis,Office Supplies,Storage,Archive Box Set,55.28,2,0.15,8.42
ORD-00654,2025-09-23,2025-09-27,CUST-0239,Corporate,Central,Wisconsin,Milwaukee,Technology,Accessories,Mechanical Keyboard,237.65,3,0.0,49.76
ORD-00917,2025-09-24,2025-09-28,CUST-0328,Consumer,East,Florida,Jacksonville,Technology,Phones,Budget Smartphone X,2240.52,6,0.1,328.95
ORD-01138,2025-09-24,2025-09-29,CUST-0066,Small Business,South,South Carolina,Charleston,Office Supplies,Storage,Archive Box Set,250.6,7,0.05,49.08
ORD-01329,2025-09-24,2025-09-25,CUST-0304,Consumer,South,North Carolina,Charlotte,Office Supplies,Storage,File Storage Box,74.23,4,0.15,11.8
ORD-00610,2025-09-24,2025-09-29,CUST-0266,Corporate,South,South Carolina,Columbia,Office Supplies,Storage,File Storage Box,101.21,5,0.1,17.51
ORD-01029,2025-09-24,2025-09-29,CUST-0190,Consumer,Central,Illinois,Peoria,Office Supplies,Binders,Document Folder Set,62.62,4,0.0,14.87
ORD-00319,2025-09-25,2025-09-27,CUST-0376,Corporate,Central,Michigan,Grand Rapids,Office Supplies,Binders,A4 Ring Binder,30.33,3,0.2,3.73
ORD-00095,2025-09-25,2025-09-30,CUST-0007,Consumer,East,Florida,Orlando,Office Supplies,Paper,Recycled Paper Pack,28.3,1,0.0,7.92
ORD-01046,2025-09-25,2025-09-28,CUST-0324,Corporate,West,Oregon,Portland,Technology,Accessories,Mechanical Keyboard,160.39,2,0.0,29.9
ORD-00979,2025-09-25,2025-09-30,CUST-0147,Corporate,South,Alabama,Montgomery,Technology,Laptops,Ultrabook Air 13,3874.43,3,0.0,584.77
ORD-01337,2025-09-25,2025-09-29,CUST-0243,Consumer,South,Alabama,Birmingham,Furniture,Chairs,Executive Chair,1556.78,5,0.2,73.77
ORD-01042,2025-09-25,2025-09-29,CUST-0254,Consumer,South,South Carolina,Columbia,Technology,Laptops,Ultrabook Air 13,6249.1,6,0.1,775.34
ORD-00872,2025-09-26,2025-10-01,CUST-0157,Consumer,South,Tennessee,Memphis,Office Supplies,Paper,Copy Paper Box,23.87,1,0.2,3.64
ORD-00545,2025-09-26,2025-09-29,CUST-0210,Consumer,Central,Ohio,Cleveland,Office Supplies,Storage,Desktop Organizer,70.4,3,0.1,13.47
ORD-01417,2025-09-26,2025-09-27,CUST-0057,Consumer,West,California,Fresno,Technology,Accessories,USB-C Hub,227.68,5,0.0,46.82
ORD-01229,2025-09-26,2025-09-27,CUST-0138,Consumer,South,Louisiana,Baton Rouge,Office Supplies,Paper,Copy Paper Box,63.47,2,0.05,12.21
ORD-00650,2025-09-27,2025-10-02,CUST-0362,Consumer,West,Oregon,Eugene,Technology,Accessories,USB-C Hub,45.23,1,0.0,9.68
ORD-00112,2025-09-27,2025-09-30,CUST-0058,Consumer,South,Louisiana,Shreveport,Furniture,Tables,Meeting Table,1371.24,3,0.15,119.82
ORD-01135,2025-09-27,2025-09-30,CUST-0107,Consumer,Central,Wisconsin,Milwaukee,Office Supplies,Paper,Premium Printing Paper,170.98,4,0.0,42.29
ORD-00605,2025-09-27,2025-09-29,CUST-0150,Consumer,South,Alabama,Birmingham,Office Supplies,Binders,Document Folder Set,14.39,1,0.1,3.06
ORD-00392,2025-09-27,2025-09-30,CUST-0358,Consumer,Central,Ohio,Cleveland,Technology,Laptops,Ultrabook Air 13,4275.64,4,0.05,752.0
ORD-00708,2025-09-27,2025-10-01,CUST-0302,Consumer,South,Alabama,Montgomery,Office Supplies,Paper,Recycled Paper Pack,154.16,7,0.15,22.99
ORD-00287,2025-09-28,2025-09-29,CUST-0245,Corporate,South,Louisiana,Shreveport,Technology,Phones,5G Phone Max,602.87,1,0.1,66.44
ORD-00495,2025-09-28,2025-10-01,CUST-0096,Consumer,South,Alabama,Birmingham,Furniture,Chairs,Ergonomic Office Chair,1245.9,5,0.0,180.27
ORD-00674,2025-09-28,2025-10-03,CUST-0227,Corporate,Central,Ohio,Cincinnati,Office Supplies,Storage,Archive Box Set,120.26,4,0.1,25.47
ORD-01196,2025-09-28,2025-09-30,CUST-0002,Small Business,East,Florida,Tampa,Office Supplies,Binders,Premium Binder,18.13,1,0.0,5.14
ORD-00273,2025-09-28,2025-09-29,CUST-0141,Small Business,South,Tennessee,Memphis,Office Supplies,Storage,File Storage Box,115.99,6,0.05,20.23
ORD-00625,2025-09-28,2025-10-01,CUST-0317,Small Business,West,Nevada,Las Vegas,Technology,Phones,Smartphone Pro 12,1498.42,2,0.0,239.44
ORD-00516,2025-09-28,2025-09-30,CUST-0318,Consumer,East,New York,New York City,Office Supplies,Binders,Document Folder Set,46.23,3,0.0,12.52
ORD-01487,2025-09-28,2025-09-30,CUST-0187,Consumer,West,Arizona,Phoenix,Office Supplies,Paper,Premium Printing Paper,190.16,4,0.0,42.31
ORD-01021,2025-09-29,2025-10-03,CUST-0176,Consumer,South,Tennessee,Knoxville,Furniture,Tables,Meeting Table,1298.62,3,0.15,119.13
ORD-01347,2025-09-29,2025-10-04,CUST-0285,Small Business,West,Arizona,Tucson,Office Supplies,Paper,Recycled Paper Pack,50.85,2,0.1,7.93
ORD-00337,2025-09-29,2025-10-04,CUST-0094,Consumer,East,Pennsylvania,Pittsburgh,Office Supplies,Storage,File Storage Box,43.99,2,0.05,8.12
ORD-00854,2025-09-29,2025-09-30,CUST-0043,Consumer,Central,Wisconsin,Madison,Technology,Laptops,Gaming Laptop G5,10426.97,7,0.0,1757.24
ORD-00699,2025-09-29,2025-09-30,CUST-0229,Corporate,East,New York,Rochester,Technology,Phones,Budget Smartphone X,2374.24,6,0.0,396.68
ORD-01356,2025-09-29,2025-09-30,CUST-0069,Consumer,Central,Ohio,Columbus,Technology,Laptops,Business Laptop 14,3585.77,4,0.0,641.53
ORD-00336,2025-09-30,2025-10-04,CUST-0189,Small Business,South,South Carolina,Columbia,Technology,Laptops,Gaming Laptop G5,2412.53,2,0.15,188.78
ORD-00581,2025-09-30,2025-10-03,CUST-0121,Consumer,West,Nevada,Reno,Technology,Phones,Smartphone Pro 12,3680.48,5,0.1,373.44
ORD-00244,2025-09-30,2025-10-01,CUST-0355,Consumer,South,North Carolina,Raleigh,Office Supplies,Storage,File Storage Box,43.99,2,0.0,10.07
ORD-00752,2025-09-30,2025-10-05,CUST-0013,Consumer,Central,Wisconsin,Madison,Technology,Phones,Smartphone Pro 12,1985.7,3,0.1,290.99
ORD-00025,2025-09-30,2025-10-04,CUST-0391,Corporate,South,North Carolina,Charlotte,Technology,Phones,Budget Smartphone X,2549.85,7,0.05,406.2
ORD-00735,2025-09-30,2025-10-05,CUST-0228,Consumer,Central,Texas,Austin,Furniture,Chairs,Executive Chair,2944.67,7,0.0,461.38
ORD-01027,2025-09-30,2025-10-02,CUST-0173,Consumer,South,Louisiana,Baton Rouge,Office Supplies,Binders,Premium Binder,35.96,2,0.0,9.31
ORD-00829,2025-10-01,2025-10-02,CUST-0245,Consumer,Central,Michigan,Detroit,Technology,Laptops,Ultrabook Air 13,1859.38,2,0.2,109.94
ORD-01334,2025-10-01,2025-10-05,CUST-0139,Consumer,West,Oregon,Portland,Furniture,Chairs,Visitor Chair,785.27,6,0.0,105.02
ORD-00924,2025-10-03,2025-10-04,CUST-0049,Consumer,East,New York,Rochester,Technology,Phones,5G Phone Max,2689.28,6,0.3,36.56
ORD-01299,2025-10-03,2025-10-04,CUST-0238,Consumer,West,Oregon,Portland,Office Supplies,Storage,Desktop Organizer,82.88,3,0.0,20.82
ORD-00386,2025-10-03,2025-10-08,CUST-0365,Consumer,West,Nevada,Las Vegas,Office Supplies,Binders,Document Folder Set,70.39,5,0.1,12.02
ORD-00490,2025-10-04,2025-10-09,CUST-0055,Corporate,Central,Texas,Houston,Office Supplies,Binders,Document Folder Set,25.2,2,0.1,4.02
ORD-00192,2025-10-04,2025-10-05,CUST-0168,Corporate,South,South Carolina,Charleston,Furniture,Tables,Meeting Table,3256.69,7,0.2,145.82
ORD-01178,2025-10-04,2025-10-07,CUST-0287,Corporate,West,Oregon,Portland,Office Supplies,Paper,Recycled Paper Pack,23.87,1,0.1,5.24
ORD-00968,2025-10-04,2025-10-09,CUST-0293,Small Business,South,Tennessee,Memphis,Technology,Accessories,Wireless Mouse,80.84,4,0.3,1.24
ORD-00745,2025-10-05,2025-10-09,CUST-0281,Corporate,South,Tennessee,Memphis,Technology,Laptops,Business Laptop 14,1294.68,2,0.3,23.19
ORD-01360,2025-10-05,2025-10-06,CUST-0021,Consumer,West,Arizona,Phoenix,Technology,Laptops,Business Laptop 14,6230.24,7,0.05,768.5
ORD-00285,2025-10-05,2025-10-07,CUST-0073,Corporate,South,South Carolina,Columbia,Office Supplies,Binders,Premium Binder,57.99,4,0.2,8.86
ORD-00226,2025-10-05,2025-10-10,CUST-0051,Consumer,South,Louisiana,New Orleans,Office Supplies,Binders,A4 Ring Binder,50.51,5,0.15,7.33
ORD-00171,2025-10-05,2025-10-09,CUST-0233,Corporate,South,Alabama,Birmingham,Office Supplies,Binders,Premium Binder,47.18,3,0.1,10.05
ORD-00313,2025-10-06,2025-10-11,CUST-0316,Corporate,East,Virginia,Richmond,Technology,Phones,Smartphone Pro 12,5517.15,7,0.0,1147.4
ORD-01139,2025-10-06,2025-10-10,CUST-0335,Consumer,West,California,San Jose,Technology,Phones,5G Phone Max,2562.67,4,0.0,454.09
ORD-00266,2025-10-06,2025-10-08,CUST-0271,Consumer,Central,Michigan,Detroit,Technology,Phones,5G Phone Max,4641.89,7,0.0,790.21
ORD-00558,2025-10-06,2025-10-07,CUST-0231,Consumer,West,Oregon,Portland,Office Supplies,Paper,Recycled Paper Pack,132.4,5,0.05,28.03
ORD-01278,2025-10-06,2025-10-08,CUST-0220,Small Business,East,New York,New York City,Office Supplies,Binders,A4 Ring Binder,44.48,4,0.1,8.84
ORD-00406,2025-10-06,2025-10-09,CUST-0056,Consumer,East,Georgia,Augusta,Furniture,Tables,Round Conference Table,1653.52,4,0.0,282.6
ORD-01202,2025-10-06,2025-10-11,CUST-0384,Consumer,South,Louisiana,Baton Rouge,Office Supplies,Paper,Premium Printing Paper,218.54,5,0.1,47.51
ORD-00881,2025-10-07,2025-10-08,CUST-0379,Consumer,East,Virginia,Virginia Beach,Office Supplies,Binders,Premium Binder,83.18,5,0.05,18.35
ORD-00472,2025-10-07,2025-10-10,CUST-0186,Consumer,Central,Wisconsin,Milwaukee,Furniture,Chairs,Executive Chair,2324.05,6,0.0,330.25
ORD-00667,2025-10-07,2025-10-09,CUST-0366,Consumer,East,Georgia,Savannah,Office Supplies,Storage,Desktop Organizer,24.25,1,0.15,4.45
ORD-01248,2025-10-07,2025-10-09,CUST-0363,Consumer,South,Alabama,Montgomery,Office Supplies,Paper,Copy Paper Box,206.81,7,0.1,43.58
ORD-00883,2025-10-07,2025-10-12,CUST-0279,Consumer,South,North Carolina,Raleigh,Office Supplies,Paper,Copy Paper Box,191.34,7,0.15,31.22
ORD-01311,2025-10-07,2025-10-09,CUST-0347,Consumer,West,Arizona,Tucson,Office Supplies,Storage,Archive Box Set,165.6,6,0.2,20.42
ORD-00056,2025-10-08,2025-10-13,CUST-0326,Corporate,East,Florida,Tampa,Technology,Laptops,Gaming Laptop G5,3479.02,3,0.15,318.53
ORD-00204,2025-10-08,2025-10-13,CUST-0327,Consumer,South,South Carolina,Columbia,Furniture,Tables,Round Conference Table,1181.46,3,0.15,104.0
ORD-00947,2025-10-08,2025-10-10,CUST-0016,Consumer,Central,Michigan,Grand Rapids,Office Supplies,Paper,Premium Printing Paper,46.47,1,0.0,12.96
ORD-01361,2025-10-09,2025-10-10,CUST-0245,Small Business,West,Nevada,Las Vegas,Technology,Phones,5G Phone Max,1081.14,2,0.1,152.38
ORD-01104,2025-10-09,2025-10-10,CUST-0390,Corporate,East,Pennsylvania,Pittsburgh,Office Supplies,Binders,Document Folder Set,46.25,3,0.0,10.66
ORD-00789,2025-10-09,2025-10-10,CUST-0258,Consumer,East,Pennsylvania,Philadelphia,Office Supplies,Binders,Premium Binder,28.42,2,0.2,4.3
ORD-00923,2025-10-10,2025-10-11,CUST-0274,Small Business,East,Florida,Tampa,Office Supplies,Binders,Document Folder Set,88.05,7,0.15,11.19
ORD-01414,2025-10-11,2025-10-16,CUST-0180,Small Business,South,North Carolina,Greensboro,Furniture,Chairs,Executive Chair,2700.46,7,0.05,416.48
ORD-00586,2025-10-11,2025-10-12,CUST-0333,Consumer,South,Tennessee,Knoxville,Office Supplies,Paper,Copy Paper Box,32.54,1,0.0,8.36
ORD-01163,2025-10-11,2025-10-15,CUST-0025,Corporate,Central,Illinois,Peoria,Technology,Phones,5G Phone Max,1954.81,3,0.0,293.23
ORD-00012,2025-10-11,2025-10-12,CUST-0116,Small Business,South,Alabama,Mobile,Technology,Accessories,Wireless Mouse,156.48,7,0.2,11.6
ORD-00085,2025-10-12,2025-10-17,CUST-0293,Small Business,South,South Carolina,Columbia,Office Supplies,Storage,Desktop Organizer,182.14,7,0.05,35.11
ORD-01382,2025-10-12,2025-10-17,CUST-0060,Corporate,Central,Michigan,Detroit,Technology,Laptops,Ultrabook Air 13,2266.78,2,0.05,312.72
ORD-01049,2025-10-12,2025-10-13,CUST-0032,Consumer,Central,Texas,Houston,Office Supplies,Paper,Premium Printing Paper,172.45,5,0.2,18.66
ORD-00879,2025-10-13,2025-10-15,CUST-0388,Consumer,Central,Wisconsin,Madison,Technology,Phones,5G Phone Max,3239.92,5,0.0,550.13
ORD-00527,2025-10-13,2025-10-17,CUST-0357,Corporate,Central,Michigan,Detroit,Office Supplies,Storage,File Storage Box,103.49,5,0.0,26.26
ORD-01188,2025-10-14,2025-10-18,CUST-0163,Consumer,Central,Ohio,Cincinnati,Furniture,Chairs,Visitor Chair,782.33,6,0.05,87.83
ORD-01180,2025-10-14,2025-10-17,CUST-0207,Corporate,Central,Ohio,Columbus,Office Supplies,Storage,Desktop Organizer,101.38,4,0.05,24.75
ORD-00914,2025-10-14,2025-10-15,CUST-0350,Corporate,East,Florida,Jacksonville,Office Supplies,Paper,Recycled Paper Pack,22.61,1,0.2,2.73
ORD-00151,2025-10-14,2025-10-19,CUST-0279,Consumer,East,New York,Rochester,Technology,Phones,5G Phone Max,2531.27,4,0.05,431.64
ORD-01451,2025-10-14,2025-10-15,CUST-0340,Consumer,South,South Carolina,Charleston,Technology,Phones,Budget Smartphone X,941.09,3,0.2,64.27
ORD-00658,2025-10-15,2025-10-16,CUST-0357,Consumer,South,Tennessee,Nashville,Technology,Laptops,Gaming Laptop G5,7335.16,6,0.1,1001.59
ORD-01033,2025-10-15,2025-10-17,CUST-0151,Corporate,Central,Illinois,Peoria,Technology,Laptops,Gaming Laptop G5,6688.44,6,0.2,416.49
ORD-01394,2025-10-16,2025-10-18,CUST-0354,Consumer,East,Georgia,Atlanta,Furniture,Tables,Side Table,833.45,6,0.1,91.38
ORD-00982,2025-10-16,2025-10-19,CUST-0017,Corporate,South,North Carolina,Charlotte,Technology,Laptops,Business Laptop 14,938.72,1,0.0,168.05
ORD-00741,2025-10-17,2025-10-18,CUST-0215,Corporate,West,Washington,Spokane,Furniture,Desks,Standing Desk,852.76,2,0.15,77.48
ORD-01436,2025-10-17,2025-10-19,CUST-0120,Corporate,South,South Carolina,Charleston,Office Supplies,Paper,Recycled Paper Pack,151.1,6,0.1,25.7
ORD-00797,2025-10-17,2025-10-21,CUST-0332,Corporate,West,Nevada,Reno,Technology,Accessories,Mechanical Keyboard,458.19,6,0.1,59.32
ORD-01490,2025-10-17,2025-10-21,CUST-0069,Corporate,South,North Carolina,Greensboro,Furniture,Desks,Standing Desk,2129.29,5,0.1,235.65
ORD-01092,2025-10-17,2025-10-19,CUST-0035,Consumer,Central,Wisconsin,Madison,Technology,Laptops,Ultrabook Air 13,4415.49,5,0.2,249.87
ORD-00895,2025-10-17,2025-10-22,CUST-0393,Corporate,West,Arizona,Phoenix,Office Supplies,Paper,Premium Printing Paper,310.48,7,0.0,62.79
ORD-00918,2025-10-17,2025-10-18,CUST-0282,Small Business,East,New York,New York City,Office Supplies,Paper,Copy Paper Box,118.77,5,0.3,10.32
ORD-00926,2025-10-17,2025-10-20,CUST-0277,Consumer,West,California,Los Angeles,Office Supplies,Storage,File Storage Box,135.57,6,0.0,35.75
ORD-00575,2025-10-17,2025-10-20,CUST-0104,Consumer,Central,Ohio,Cleveland,Office Supplies,Binders,Premium Binder,33.65,2,0.0,8.26
ORD-01212,2025-10-17,2025-10-19,CUST-0360,Corporate,South,North Carolina,Charlotte,Furniture,Tables,Meeting Table,455.36,1,0.1,44.72
ORD-01220,2025-10-18,2025-10-23,CUST-0122,Consumer,Central,Ohio,Cincinnati,Technology,Laptops,Gaming Laptop G5,6655.77,5,0.05,1162.39
ORD-00395,2025-10-18,2025-10-21,CUST-0047,Consumer,South,Louisiana,Shreveport,Office Supplies,Storage,Archive Box Set,198.98,6,0.0,54.99
ORD-00757,2025-10-18,2025-10-21,CUST-0058,Consumer,South,Alabama,Mobile,Office Supplies,Binders,A4 Ring Binder,8.55,1,0.3,0.72
ORD-01393,2025-10-18,2025-10-23,CUST-0262,Small Business,East,Georgia,Augusta,Furniture,Tables,Round Conference Table,2000.67,5,0.1,169.51
ORD-00316,2025-10-18,2025-10-20,CUST-0356,Corporate,South,Tennessee,Knoxville,Office Supplies,Paper,Recycled Paper Pack,96.48,4,0.1,14.38
ORD-00235,2025-10-19,2025-10-20,CUST-0290,Consumer,West,Arizona,Phoenix,Technology,Phones,Smartphone Pro 12,4617.61,7,0.2,272.08
ORD-00956,2025-10-19,2025-10-20,CUST-0342,Corporate,East,Georgia,Savannah,Furniture,Desks,Standing Desk,1524.19,3,0.0,287.28
ORD-01355,2025-10-20,2025-10-24,CUST-0028,Small Business,South,Louisiana,Baton Rouge,Technology,Laptops,Gaming Laptop G5,4530.13,3,0.0,778.59
ORD-00178,2025-10-20,2025-10-24,CUST-0221,Corporate,Central,Wisconsin,Madison,Technology,Laptops,Ultrabook Air 13,4709.81,4,0.0,814.64
ORD-00937,2025-10-20,2025-10-24,CUST-0106,Consumer,South,Tennessee,Knoxville,Furniture,Chairs,Visitor Chair,645.24,5,0.05,77.79
ORD-00986,2025-10-20,2025-10-25,CUST-0131,Consumer,East,Virginia,Norfolk,Technology,Accessories,Wireless Mouse,93.91,4,0.15,10.84
ORD-00482,2025-10-21,2025-10-24,CUST-0299,Consumer,East,Virginia,Virginia Beach,Office Supplies,Storage,Desktop Organizer,24.93,1,0.1,3.76
ORD-01295,2025-10-21,2025-10-25,CUST-0266,Consumer,Central,Ohio,Cincinnati,Technology,Phones,5G Phone Max,1535.05,3,0.2,93.25
ORD-01114,2025-10-21,2025-10-22,CUST-0392,Consumer,Central,Illinois,Springfield,Technology,Phones,Budget Smartphone X,997.67,3,0.1,129.97
ORD-00463,2025-10-21,2025-10-26,CUST-0354,Corporate,South,South Carolina,Charleston,Technology,Accessories,Mechanical Keyboard,502.83,7,0.1,65.38
ORD-00060,2025-10-21,2025-10-22,CUST-0145,Consumer,East,Florida,Tampa,Office Supplies,Paper,Recycled Paper Pack,22.24,1,0.15,3.55
ORD-00870,2025-10-22,2025-10-23,CUST-0102,Consumer,Central,Wisconsin,Madison,Office Supplies,Paper,Copy Paper Box,106.26,5,0.3,6.46
ORD-00091,2025-10-22,2025-10-25,CUST-0227,Consumer,South,Tennessee,Memphis,Office Supplies,Paper,Premium Printing Paper,205.88,5,0.05,44.45
ORD-01343,2025-10-22,2025-10-25,CUST-0386,Consumer,East,Pennsylvania,Allentown,Office Supplies,Paper,Premium Printing Paper,263.32,6,0.0,69.8
ORD-00740,2025-10-22,2025-10-24,CUST-0075,Consumer,East,Virginia,Richmond,Furniture,Chairs,Executive Chair,1258.34,3,0.0,177.92
ORD-00597,2025-10-22,2025-10-23,CUST-0391,Corporate,South,North Carolina,Charlotte,Technology,Laptops,Gaming Laptop G5,1317.08,1,0.05,232.29
ORD-01253,2025-10-22,2025-10-24,CUST-0187,Consumer,Central,Wisconsin,Milwaukee,Technology,Phones,5G Phone Max,1029.85,2,0.2,68.16
ORD-01045,2025-10-24,2025-10-27,CUST-0355,Corporate,South,South Carolina,Columbia,Technology,Laptops,Business Laptop 14,827.46,1,0.05,147.67
ORD-00455,2025-10-25,2025-10-30,CUST-0118,Consumer,East,New York,New York City,Technology,Accessories,USB-C Hub,40.74,1,0.15,4.44
ORD-00660,2025-10-26,2025-10-31,CUST-0273,Corporate,South,Tennessee,Knoxville,Technology,Laptops,Business Laptop 14,3213.67,4,0.1,385.28
ORD-01354,2025-10-26,2025-10-28,CUST-0263,Consumer,West,Washington,Tacoma,Technology,Accessories,Wireless Mouse,81.03,3,0.0,14.92
ORD-00969,2025-10-27,2025-11-01,CUST-0214,Consumer,West,Arizona,Tucson,Furniture,Desks,Standing Desk,1770.29,4,0.1,167.59
ORD-00772,2025-10-27,2025-10-29,CUST-0111,Corporate,East,Florida,Tampa,Furniture,Tables,Side Table,160.83,1,0.0,23.2
ORD-00762,2025-10-27,2025-10-29,CUST-0252,Corporate,Central,Ohio,Cincinnati,Furniture,Tables,Round Conference Table,1245.53,3,0.0,207.66
ORD-00938,2025-10-27,2025-10-28,CUST-0280,Consumer,East,Virginia,Norfolk,Furniture,Desks,Office Work Desk,637.83,3,0.3,-3.44
ORD-01346,2025-10-28,2025-10-30,CUST-0226,Consumer,East,Georgia,Savannah,Technology,Phones,5G Phone Max,1085.35,2,0.15,126.24
ORD-01145,2025-10-28,2025-10-30,CUST-0085,Consumer,Central,Ohio,Cleveland,Furniture,Chairs,Visitor Chair,660.68,5,0.05,97.45
ORD-00254,2025-10-28,2025-11-01,CUST-0057,Corporate,East,Florida,Miami,Office Supplies,Storage,Archive Box Set,132.25,4,0.1,28.84
ORD-01109,2025-10-28,2025-10-30,CUST-0099,Corporate,Central,Ohio,Cleveland,Furniture,Desks,Compact Study Desk,1055.12,6,0.15,76.35
ORD-00209,2025-10-28,2025-11-01,CUST-0157,Consumer,East,Virginia,Richmond,Furniture,Chairs,Visitor Chair,244.4,2,0.0,46.11
ORD-00215,2025-10-28,2025-10-30,CUST-0146,Corporate,Central,Michigan,Grand Rapids,Furniture,Desks,Compact Study Desk,1221.39,6,0.0,203.54
ORD-01438,2025-10-29,2025-10-30,CUST-0366,Corporate,South,Alabama,Birmingham,Technology,Laptops,Ultrabook Air 13,3182.55,3,0.05,537.27
ORD-00035,2025-10-29,2025-11-02,CUST-0314,Corporate,Central,Wisconsin,Milwaukee,Technology,Laptops,Business Laptop 14,1576.94,2,0.1,178.25
ORD-00076,2025-10-29,2025-10-30,CUST-0309,Corporate,West,Arizona,Tucson,Technology,Phones,Smartphone Pro 12,5081.6,7,0.05,808.39
ORD-00920,2025-10-29,2025-11-02,CUST-0290,Consumer,South,Louisiana,Shreveport,Office Supplies,Binders,Premium Binder,64.45,4,0.1,11.98
ORD-01285,2025-10-29,2025-11-03,CUST-0038,Consumer,Central,Illinois,Chicago,Office Supplies,Paper,Copy Paper Box,182.47,6,0.0,40.95
ORD-00245,2025-10-30,2025-10-31,CUST-0329,Consumer,South,South Carolina,Columbia,Technology,Accessories,Wireless Mouse,144.85,5,0.05,25.19
ORD-00993,2025-10-30,2025-11-02,CUST-0278,Consumer,Central,Illinois,Chicago,Office Supplies,Binders,Premium Binder,56.28,3,0.0,13.57
ORD-00935,2025-10-30,2025-11-01,CUST-0131,Small Business,South,South Carolina,Columbia,Furniture,Desks,Office Work Desk,1699.06,5,0.0,249.19
ORD-00714,2025-10-30,2025-11-04,CUST-0141,Consumer,East,Georgia,Savannah,Technology,Laptops,Gaming Laptop G5,8497.94,7,0.15,911.27
ORD-00366,2025-10-31,2025-11-04,CUST-0012,Consumer,Central,Michigan,Grand Rapids,Furniture,Desks,Standing Desk,1361.54,3,0.1,157.34
ORD-01275,2025-10-31,2025-11-03,CUST-0320,Corporate,East,Georgia,Augusta,Technology,Phones,5G Phone Max,925.51,2,0.3,12.12
ORD-01327,2025-10-31,2025-11-03,CUST-0139,Consumer,South,South Carolina,Columbia,Technology,Accessories,Wireless Mouse,146.24,5,0.05,21.07
ORD-01313,2025-10-31,2025-11-03,CUST-0339,Small Business,East,Florida,Jacksonville,Technology,Laptops,Ultrabook Air 13,4691.55,4,0.0,719.19
ORD-00101,2025-11-01,2025-11-04,CUST-0062,Small Business,West,Nevada,Reno,Furniture,Chairs,Visitor Chair,519.94,4,0.05,81.15
ORD-01407,2025-11-01,2025-11-06,CUST-0074,Consumer,East,Georgia,Savannah,Furniture,Chairs,Ergonomic Office Chair,1306.47,5,0.0,244.18
ORD-00439,2025-11-01,2025-11-05,CUST-0328,Consumer,South,South Carolina,Charleston,Office Supplies,Binders,Document Folder Set,95.52,7,0.05,22.89
ORD-01251,2025-11-01,2025-11-02,CUST-0259,Corporate,Central,Wisconsin,Madison,Office Supplies,Storage,Desktop Organizer,57.42,2,0.0,15.77
ORD-00888,2025-11-02,2025-11-06,CUST-0376,Corporate,Central,Wisconsin,Madison,Technology,Accessories,USB-C Hub,43.52,1,0.15,3.76
ORD-00394,2025-11-02,2025-11-04,CUST-0189,Consumer,Central,Ohio,Columbus,Technology,Laptops,Business Laptop 14,3342.02,4,0.0,614.16
ORD-00434,2025-11-02,2025-11-07,CUST-0069,Consumer,Central,Texas,Austin,Technology,Laptops,Business Laptop 14,6070.23,7,0.05,1109.27
ORD-00568,2025-11-02,2025-11-05,CUST-0241,Consumer,East,Georgia,Atlanta,Office Supplies,Binders,Premium Binder,49.76,3,0.1,8.48
ORD-01118,2025-11-03,2025-11-05,CUST-0190,Consumer,East,New York,Buffalo,Office Supplies,Storage,Desktop Organizer,23.64,1,0.1,3.79
ORD-00933,2025-11-03,2025-11-07,CUST-0181,Consumer,East,Virginia,Norfolk,Technology,Phones,Smartphone Pro 12,2685.75,4,0.1,330.47
ORD-00687,2025-11-03,2025-11-04,CUST-0077,Corporate,Central,Texas,Houston,Technology,Accessories,Wireless Mouse,165.47,6,0.1,17.71
ORD-01016,2025-11-03,2025-11-06,CUST-0207,Corporate,South,Alabama,Mobile,Office Supplies,Storage,Desktop Organizer,105.46,4,0.0,30.06
ORD-00959,2025-11-03,2025-11-08,CUST-0094,Consumer,Central,Ohio,Cleveland,Technology,Accessories,Wireless Mouse,71.02,3,0.15,6.69
ORD-01367,2025-11-05,2025-11-07,CUST-0167,Consumer,East,Virginia,Norfolk,Furniture,Tables,Round Conference Table,1166.52,4,0.3,-5.7
ORD-00862,2025-11-05,2025-11-10,CUST-0327,Corporate,East,Virginia,Virginia Beach,Technology,Phones,Budget Smartphone X,2471.17,7,0.05,391.65
ORD-01379,2025-11-05,2025-11-09,CUST-0368,Small Business,South,Alabama,Mobile,Office Supplies,Paper,Premium Printing Paper,43.91,1,0.05,9.22
ORD-01127,2025-11-05,2025-11-07,CUST-0025,Consumer,Central,Illinois,Peoria,Technology,Phones,5G Phone Max,2928.95,5,0.05,358.82
ORD-00806,2025-11-05,2025-11-08,CUST-0232,Small Business,East,Pennsylvania,Philadelphia,Office Supplies,Paper,Premium Printing Paper,152.32,4,0.1,27.92
ORD-00002,2025-11-05,2025-11-08,CUST-0059,Consumer,Central,Michigan,Grand Rapids,Technology,Phones,Smartphone Pro 12,2649.54,4,0.1,268.01
ORD-01315,2025-11-06,2025-11-08,CUST-0032,Small Business,East,New York,Rochester,Furniture,Chairs,Visitor Chair,570.89,6,0.2,24.8
ORD-01198,2025-11-06,2025-11-11,CUST-0168,Consumer,Central,Texas,Austin,Technology,Phones,5G Phone Max,2075.27,4,0.15,222.99
ORD-00709,2025-11-06,2025-11-11,CUST-0040,Consumer,Central,Wisconsin,Milwaukee,Furniture,Chairs,Ergonomic Office Chair,1226.55,5,0.0,170.92
ORD-00247,2025-11-06,2025-11-11,CUST-0074,Consumer,Central,Texas,San Antonio,Technology,Phones,Smartphone Pro 12,801.03,1,0.0,130.78
ORD-00135,2025-11-07,2025-11-11,CUST-0289,Corporate,East,Pennsylvania,Allentown,Office Supplies,Binders,A4 Ring Binder,69.92,7,0.1,15.16
ORD-00536,2025-11-07,2025-11-09,CUST-0300,Consumer,East,New York,Buffalo,Technology,Accessories,USB-C Hub,94.96,2,0.0,16.98
ORD-01288,2025-11-07,2025-11-11,CUST-0137,Consumer,South,North Carolina,Raleigh,Technology,Accessories,Mechanical Keyboard,417.35,7,0.2,30.76
ORD-01301,2025-11-07,2025-11-12,CUST-0184,Small Business,Central,Ohio,Cleveland,Furniture,Tables,Side Table,901.57,6,0.0,129.82
ORD-00048,2025-11-08,2025-11-10,CUST-0063,Consumer,Central,Illinois,Peoria,Technology,Phones,Budget Smartphone X,408.48,1,0.05,59.22
ORD-00973,2025-11-08,2025-11-09,CUST-0306,Consumer,Central,Wisconsin,Madison,Technology,Phones,Smartphone Pro 12,4238.43,6,0.15,374.49
ORD-00212,2025-11-08,2025-11-09,CUST-0192,Consumer,West,Arizona,Phoenix,Technology,Laptops,Gaming Laptop G5,5451.72,4,0.0,1100.08
ORD-01121,2025-11-08,2025-11-09,CUST-0278,Corporate,Central,Texas,Austin,Technology,Accessories,Wireless Mouse,77.22,3,0.15,7.63
ORD-00044,2025-11-08,2025-11-13,CUST-0164,Corporate,West,Arizona,Tucson,Furniture,Chairs,Ergonomic Office Chair,1400.58,7,0.2,83.84
ORD-00911,2025-11-08,2025-11-12,CUST-0376,Small Business,West,Nevada,Reno,Office Supplies,Binders,Document Folder Set,79.54,6,0.1,13.25
ORD-01018,2025-11-09,2025-11-10,CUST-0076,Consumer,South,Louisiana,New Orleans,Furniture,Tables,Meeting Table,2332.64,4,0.0,394.36
ORD-01297,2025-11-09,2025-11-14,CUST-0309,Consumer,Central,Wisconsin,Madison,Technology,Accessories,USB-C Hub,267.18,6,0.15,29.97
ORD-00297,2025-11-09,2025-11-14,CUST-0134,Consumer,East,New York,New York City,Office Supplies,Paper,Recycled Paper Pack,193.37,7,0.05,47.06
ORD-01326,2025-11-09,2025-11-12,CUST-0158,Consumer,West,California,San Diego,Technology,Laptops,Ultrabook Air 13,3143.39,3,0.1,420.77
ORD-00026,2025-11-09,2025-11-12,CUST-0153,Consumer,South,Louisiana,New Orleans,Technology,Laptops,Gaming Laptop G5,9916.57,7,0.0,1741.05
ORD-01405,2025-11-09,2025-11-14,CUST-0207,Consumer,East,New York,Rochester,Furniture,Desks,Office Work Desk,1583.28,6,0.15,121.41
ORD-00554,2025-11-09,2025-11-14,CUST-0104,Corporate,East,Florida,Jacksonville,Office Supplies,Storage,File Storage Box,19.65,1,0.15,3.69
ORD-00202,2025-11-09,2025-11-10,CUST-0134,Corporate,West,Arizona,Tucson,Furniture,Chairs,Visitor Chair,112.54,1,0.15,7.89
ORD-00790,2025-11-10,2025-11-12,CUST-0052,Consumer,East,Virginia,Richmond,Technology,Phones,Smartphone Pro 12,688.1,1,0.15,80.13
ORD-00522,2025-11-10,2025-11-11,CUST-0259,Corporate,Central,Illinois,Peoria,Office Supplies,Storage,File Storage Box,22.43,1,0.05,3.88
ORD-00308,2025-11-10,2025-11-14,CUST-0265,Corporate,West,Arizona,Tucson,Office Supplies,Binders,Document Folder Set,77.56,5,0.0,17.77
ORD-00878,2025-11-10,2025-11-15,CUST-0215,Consumer,Central,Michigan,Grand Rapids,Office Supplies,Binders,A4 Ring Binder,24.92,2,0.0,5.73
ORD-00289,2025-11-10,2025-11-13,CUST-0358,Consumer,West,Oregon,Eugene,Furniture,Desks,Standing Desk,2841.34,6,0.05,343.85
ORD-01217,2025-11-10,2025-11-15,CUST-0112,Small Business,West,Arizona,Tucson,Office Supplies,Paper,Copy Paper Box,54.96,2,0.1,10.32
ORD-00896,2025-11-10,2025-11-12,CUST-0032,Consumer,South,Louisiana,New Orleans,Furniture,Chairs,Visitor Chair,123.9,1,0.0,19.96
ORD-00424,2025-11-11,2025-11-14,CUST-0358,Consumer,South,Tennessee,Memphis,Furniture,Chairs,Visitor Chair,127.75,1,0.05,14.51
ORD-00563,2025-11-11,2025-11-13,CUST-0366,Consumer,East,Georgia,Savannah,Office Supplies,Paper,Copy Paper Box,153.7,7,0.3,13.48
ORD-00195,2025-11-12,2025-11-17,CUST-0380,Consumer,South,Alabama,Mobile,Furniture,Tables,Side Table,318.36,2,0.0,52.94
ORD-00965,2025-11-12,2025-11-15,CUST-0311,Consumer,Central,Michigan,Detroit,Technology,Phones,Smartphone Pro 12,1628.15,2,0.05,284.59
ORD-00913,2025-11-13,2025-11-15,CUST-0245,Consumer,Central,Wisconsin,Madison,Furniture,Desks,Compact Study Desk,1374.55,7,0.15,105.25
ORD-01258,2025-11-13,2025-11-16,CUST-0098,Corporate,East,Georgia,Atlanta,Technology,Laptops,Ultrabook Air 13,4819.02,4,0.05,626.35
ORD-00643,2025-11-13,2025-11-14,CUST-0219,Corporate,East,New York,Buffalo,Technology,Laptops,Gaming Laptop G5,1372.8,1,0.05,236.22
ORD-01338,2025-11-13,2025-11-18,CUST-0085,Consumer,Central,Texas,San Antonio,Technology,Phones,Smartphone Pro 12,667.75,1,0.2,40.96
ORD-00641,2025-11-14,2025-11-15,CUST-0339,Corporate,East,Virginia,Richmond,Technology,Phones,Budget Smartphone X,1576.53,4,0.05,271.96
ORD-01398,2025-11-14,2025-11-18,CUST-0174,Consumer,South,North Carolina,Charlotte,Office Supplies,Paper,Copy Paper Box,78.23,3,0.15,13.27
ORD-00213,2025-11-14,2025-11-15,CUST-0039,Small Business,Central,Ohio,Cleveland,Technology,Phones,Smartphone Pro 12,682.58,1,0.15,76.66
ORD-00966,2025-11-14,2025-11-17,CUST-0351,Corporate,East,Florida,Tampa,Office Supplies,Storage,Desktop Organizer,54.6,2,0.0,12.24
ORD-01111,2025-11-14,2025-11-17,CUST-0069,Consumer,South,South Carolina,Charleston,Furniture,Chairs,Executive Chair,791.4,2,0.05,92.66
ORD-01110,2025-11-14,2025-11-17,CUST-0123,Corporate,East,Georgia,Augusta,Office Supplies,Paper,Premium Printing Paper,163.67,4,0.05,40.05
ORD-01359,2025-11-16,2025-11-19,CUST-0168,Small Business,Central,Wisconsin,Milwaukee,Office Supplies,Binders,Premium Binder,82.14,5,0.1,17.28
ORD-01365,2025-11-16,2025-11-18,CUST-0214,Consumer,South,Louisiana,New Orleans,Office Supplies,Storage,File Storage Box,138.86,7,0.1,23.28
ORD-00928,2025-11-16,2025-11-21,CUST-0136,Consumer,East,Pennsylvania,Philadelphia,Technology,Phones,Budget Smartphone X,1336.47,4,0.1,154.19
ORD-01184,2025-11-16,2025-11-20,CUST-0015,Consumer,South,Tennessee,Nashville,Technology,Phones,Budget Smartphone X,1421.08,4,0.15,148.62
ORD-00290,2025-11-17,2025-11-21,CUST-0353,Consumer,East,Florida,Orlando,Furniture,Chairs,Ergonomic Office Chair,1127.37,5,0.1,107.43
ORD-00835,2025-11-17,2025-11-18,CUST-0166,Corporate,East,Virginia,Norfolk,Office Supplies,Storage,Desktop Organizer,131.48,5,0.05,32.35
ORD-01496,2025-11-17,2025-11-18,CUST-0278,Consumer,East,Virginia,Norfolk,Office Supplies,Paper,Copy Paper Box,118.04,4,0.0,27.4
ORD-01449,2025-11-17,2025-11-22,CUST-0300,Corporate,West,Arizona,Phoenix,Furniture,Chairs,Visitor Chair,510.31,5,0.15,35.07
ORD-01457,2025-11-17,2025-11-18,CUST-0219,Consumer,Central,Wisconsin,Milwaukee,Office Supplies,Binders,Document Folder Set,56.68,5,0.2,8.43
ORD-00352,2025-11-17,2025-11-18,CUST-0090,Small Business,West,Washington,Spokane,Office Supplies,Paper,Premium Printing Paper,125.43,3,0.05,29.91
ORD-00940,2025-11-17,2025-11-22,CUST-0133,Small Business,East,Virginia,Norfolk,Furniture,Desks,Standing Desk,1861.07,4,0.05,239.92
ORD-01123,2025-11-17,2025-11-18,CUST-0071,Corporate,Central,Illinois,Peoria,Technology,Laptops,Ultrabook Air 13,2188.56,2,0.15,174.2
ORD-00521,2025-11-18,2025-11-23,CUST-0066,Corporate,West,California,Los Angeles,Technology,Laptops,Business Laptop 14,5208.14,6,0.05,737.79
ORD-00281,2025-11-18,2025-11-21,CUST-0387,Small Business,Central,Illinois,Chicago,Office Supplies,Paper,Premium Printing Paper,166.8,4,0.05,33.99
ORD-00072,2025-11-18,2025-11-23,CUST-0136,Corporate,Central,Wisconsin,Milwaukee,Technology,Phones,5G Phone Max,3631.39,7,0.15,339.51
ORD-01464,2025-11-19,2025-11-21,CUST-0303,Small Business,West,Arizona,Phoenix,Technology,Accessories,USB-C Hub,105.44,2,0.0,16.87
ORD-01143,2025-11-19,2025-11-23,CUST-0306,Corporate,South,South Carolina,Charleston,Office Supplies,Paper,Recycled Paper Pack,94.25,4,0.1,18.28
ORD-00105,2025-11-19,2025-11-23,CUST-0038,Small Business,East,Virginia,Virginia Beach,Furniture,Desks,Office Work Desk,2089.57,7,0.1,183.16
ORD-01284,2025-11-19,2025-11-24,CUST-0315,Consumer,South,North Carolina,Raleigh,Furniture,Desks,Standing Desk,935.87,2,0.05,128.66
ORD-01322,2025-11-19,2025-11-23,CUST-0085,Small Business,South,South Carolina,Columbia,Technology,Accessories,Wireless Mouse,123.63,5,0.1,17.68
ORD-00882,2025-11-20,2025-11-22,CUST-0178,Corporate,West,Oregon,Eugene,Technology,Accessories,Wireless Mouse,212.77,7,0.0,44.71
ORD-00272,2025-11-20,2025-11-22,CUST-0104,Corporate,South,Alabama,Montgomery,Furniture,Desks,Office Work Desk,264.98,1,0.15,24.42
ORD-00216,2025-11-20,2025-11-22,CUST-0285,Corporate,Central,Texas,Austin,Technology,Accessories,Wireless Mouse,26.76,1,0.05,4.49
ORD-00783,2025-11-20,2025-11-24,CUST-0143,Small Business,West,Nevada,Reno,Office Supplies,Binders,A4 Ring Binder,58.47,6,0.2,7.1
ORD-00169,2025-11-20,2025-11-25,CUST-0181,Small Business,Central,Texas,Houston,Office Supplies,Storage,Desktop Organizer,44.38,2,0.15,8.33
ORD-01204,2025-11-20,2025-11-21,CUST-0112,Consumer,South,Louisiana,New Orleans,Technology,Laptops,Gaming Laptop G5,2423.12,2,0.1,320.19
ORD-00075,2025-11-20,2025-11-23,CUST-0257,Corporate,West,Arizona,Tucson,Furniture,Tables,Round Conference Table,442.69,1,0.05,68.85
ORD-00637,2025-11-20,2025-11-23,CUST-0369,Consumer,East,Georgia,Atlanta,Office Supplies,Binders,A4 Ring Binder,64.92,6,0.1,10.37
ORD-01399,2025-11-21,2025-11-23,CUST-0186,Consumer,West,Oregon,Portland,Office Supplies,Binders,Premium Binder,75.51,5,0.1,14.55
ORD-01500,2025-11-21,2025-11-26,CUST-0262,Corporate,East,Pennsylvania,Pittsburgh,Technology,Accessories,Wireless Mouse,55.69,2,0.0,9.26
ORD-01097,2025-11-21,2025-11-26,CUST-0007,Consumer,South,Louisiana,New Orleans,Technology,Accessories,USB-C Hub,283.29,6,0.05,39.33
ORD-01208,2025-11-22,2025-11-23,CUST-0327,Small Business,West,California,Fresno,Office Supplies,Storage,Archive Box Set,168.43,5,0.05,30.06
ORD-01350,2025-11-22,2025-11-25,CUST-0141,Corporate,South,Louisiana,Baton Rouge,Technology,Accessories,Wireless Mouse,29.32,1,0.0,5.06
ORD-01006,2025-11-22,2025-11-25,CUST-0295,Corporate,West,Oregon,Portland,Technology,Phones,Smartphone Pro 12,5676.11,7,0.05,934.39
ORD-00834,2025-11-22,2025-11-25,CUST-0112,Consumer,South,South Carolina,Columbia,Furniture,Chairs,Ergonomic Office Chair,1285.71,5,0.0,230.63
ORD-00374,2025-11-23,2025-11-27,CUST-0108,Consumer,Central,Illinois,Peoria,Office Supplies,Binders,Document Folder Set,53.38,4,0.15,8.75
ORD-00766,2025-11-23,2025-11-28,CUST-0157,Corporate,Central,Michigan,Detroit,Technology,Phones,Budget Smartphone X,387.33,1,0.0,63.64
ORD-01268,2025-11-23,2025-11-26,CUST-0275,Consumer,West,Oregon,Eugene,Office Supplies,Binders,Premium Binder,76.33,4,0.0,18.5
ORD-00444,2025-11-23,2025-11-24,CUST-0340,Small Business,South,South Carolina,Columbia,Furniture,Tables,Side Table,308.35,2,0.0,49.4
ORD-00519,2025-11-23,2025-11-26,CUST-0216,Consumer,East,New York,New York City,Technology,Laptops,Gaming Laptop G5,5914.69,6,0.3,81.06
ORD-01149,2025-11-24,2025-11-27,CUST-0350,Consumer,South,North Carolina,Charlotte,Office Supplies,Storage,Desktop Organizer,147.7,6,0.1,30.44
ORD-00106,2025-11-24,2025-11-29,CUST-0115,Consumer,East,Georgia,Savannah,Furniture,Chairs,Ergonomic Office Chair,995.23,5,0.2,49.38
ORD-00645,2025-11-25,2025-11-26,CUST-0038,Corporate,Central,Texas,Austin,Office Supplies,Storage,File Storage Box,16.4,1,0.2,2.47
ORD-00160,2025-11-25,2025-11-29,CUST-0231,Corporate,South,Tennessee,Knoxville,Technology,Accessories,Wireless Mouse,126.45,5,0.1,16.59
ORD-00537,2025-11-26,2025-11-27,CUST-0126,Consumer,South,Tennessee,Knoxville,Office Supplies,Storage,Archive Box Set,182.95,6,0.1,27.54
ORD-00046,2025-11-26,2025-11-29,CUST-0145,Consumer,South,Alabama,Birmingham,Technology,Laptops,Ultrabook Air 13,4024.77,4,0.1,598.56
ORD-00608,2025-11-26,2025-11-28,CUST-0022,Small Business,East,Virginia,Richmond,Furniture,Tables,Side Table,389.09,3,0.15,24.56
ORD-00074,2025-11-26,2025-11-30,CUST-0356,Corporate,South,South Carolina,Columbia,Furniture,Desks,Standing Desk,517.05,1,0.0,85.8
ORD-00885,2025-11-26,2025-11-29,CUST-0339,Consumer,South,Tennessee,Knoxville,Technology,Laptops,Ultrabook Air 13,5767.16,5,0.05,841.74
ORD-00138,2025-11-27,2025-11-28,CUST-0291,Consumer,West,California,Los Angeles,Technology,Accessories,USB-C Hub,234.56,5,0.05,37.15
ORD-01483,2025-11-27,2025-11-30,CUST-0035,Corporate,West,Oregon,Portland,Furniture,Tables,Round Conference Table,1171.83,4,0.3,-6.88
ORD-00469,2025-11-27,2025-11-28,CUST-0229,Consumer,East,Pennsylvania,Philadelphia,Furniture,Chairs,Visitor Chair,905.07,7,0.05,108.52
ORD-00063,2025-11-27,2025-11-28,CUST-0094,Consumer,Central,Texas,Austin,Technology,Phones,5G Phone Max,3977.17,6,0.05,695.19
ORD-01305,2025-11-28,2025-12-01,CUST-0007,Consumer,South,Alabama,Mobile,Technology,Accessories,USB-C Hub,136.93,3,0.1,15.24
ORD-01425,2025-11-28,2025-12-02,CUST-0097,Consumer,South,Tennessee,Nashville,Office Supplies,Paper,Premium Printing Paper,40.74,1,0.05,8.83
ORD-00102,2025-11-29,2025-12-01,CUST-0313,Small Business,Central,Texas,Austin,Technology,Phones,5G Phone Max,3511.71,6,0.1,391.67
ORD-01232,2025-11-29,2025-11-30,CUST-0226,Corporate,East,Pennsylvania,Allentown,Office Supplies,Binders,Document Folder Set,44.0,3,0.0,11.63
ORD-00717,2025-11-29,2025-12-02,CUST-0316,Consumer,East,Virginia,Virginia Beach,Office Supplies,Paper,Premium Printing Paper,146.62,4,0.15,22.31
ORD-01460,2025-11-29,2025-12-03,CUST-0218,Consumer,East,Virginia,Virginia Beach,Technology,Accessories,Mechanical Keyboard,133.97,2,0.15,13.26
ORD-01448,2025-11-30,2025-12-04,CUST-0330,Small Business,West,Washington,Spokane,Technology,Accessories,Mechanical Keyboard,254.93,4,0.15,21.57
ORD-00128,2025-11-30,2025-12-01,CUST-0379,Consumer,Central,Wisconsin,Milwaukee,Office Supplies,Paper,Copy Paper Box,204.16,7,0.1,40.23
ORD-00364,2025-11-30,2025-12-02,CUST-0332,Consumer,East,Virginia,Richmond,Technology,Phones,Smartphone Pro 12,3160.07,6,0.3,42.31
ORD-01005,2025-11-30,2025-12-02,CUST-0069,Corporate,Central,Michigan,Grand Rapids,Office Supplies,Binders,A4 Ring Binder,69.01,6,0.1,10.88
ORD-00906,2025-11-30,2025-12-04,CUST-0009,Corporate,South,South Carolina,Charleston,Office Supplies,Binders,A4 Ring Binder,56.86,5,0.1,8.59
ORD-01252,2025-11-30,2025-12-02,CUST-0147,Corporate,West,Washington,Spokane,Technology,Phones,Budget Smartphone X,318.27,1,0.2,24.04
ORD-01341,2025-11-30,2025-12-02,CUST-0368,Consumer,South,Tennessee,Knoxville,Furniture,Desks,Office Work Desk,221.9,1,0.3,-1.11
ORD-01351,2025-11-30,2025-12-01,CUST-0028,Consumer,South,Louisiana,Baton Rouge,Furniture,Desks,Office Work Desk,643.07,2,0.05,101.5
ORD-01283,2025-11-30,2025-12-01,CUST-0030,Corporate,East,Pennsylvania,Pittsburgh,Office Supplies,Binders,Premium Binder,54.74,3,0.0,12.34
ORD-00549,2025-11-30,2025-12-02,CUST-0379,Consumer,South,North Carolina,Charlotte,Office Supplies,Paper,Copy Paper Box,171.32,6,0.15,25.91
ORD-00865,2025-11-30,2025-12-03,CUST-0120,Consumer,South,Alabama,Birmingham,Furniture,Desks,Standing Desk,2611.84,5,0.0,482.68
ORD-01358,2025-12-01,2025-12-04,CUST-0121,Corporate,West,Nevada,Las Vegas,Furniture,Desks,Office Work Desk,1491.61,5,0.05,205.05
ORD-00961,2025-12-01,2025-12-05,CUST-0329,Consumer,Central,Illinois,Chicago,Office Supplies,Paper,Copy Paper Box,132.9,4,0.0,29.57
ORD-01051,2025-12-01,2025-12-06,CUST-0331,Consumer,South,Louisiana,Baton Rouge,Office Supplies,Storage,Desktop Organizer,116.65,5,0.15,17.56
ORD-00481,2025-12-02,2025-12-04,CUST-0049,Consumer,South,Alabama,Birmingham,Technology,Laptops,Business Laptop 14,2732.95,3,0.0,567.56
ORD-00157,2025-12-02,2025-12-06,CUST-0173,Consumer,Central,Wisconsin,Madison,Technology,Phones,Smartphone Pro 12,3981.09,5,0.0,718.35
ORD-00786,2025-12-02,2025-12-06,CUST-0026,Consumer,West,Nevada,Las Vegas,Furniture,Chairs,Executive Chair,1166.14,3,0.05,141.78
ORD-00673,2025-12-02,2025-12-03,CUST-0061,Corporate,East,Virginia,Richmond,Furniture,Desks,Standing Desk,501.93,1,0.05,59.39
ORD-00764,2025-12-02,2025-12-07,CUST-0260,Small Business,South,Alabama,Birmingham,Office Supplies,Paper,Premium Printing Paper,241.18,6,0.05,52.61
ORD-01342,2025-12-02,2025-12-04,CUST-0180,Consumer,South,Tennessee,Knoxville,Furniture,Chairs,Ergonomic Office Chair,1613.8,7,0.0,225.73
ORD-00800,2025-12-03,2025-12-08,CUST-0091,Consumer,South,Louisiana,Baton Rouge,Technology,Accessories,Wireless Mouse,28.33,1,0.0,4.66
ORD-00531,2025-12-03,2025-12-04,CUST-0029,Small Business,Central,Illinois,Springfield,Furniture,Desks,Office Work Desk,306.22,1,0.0,44.45
ORD-00796,2025-12-03,2025-12-08,CUST-0039,Small Business,South,Tennessee,Nashville,Furniture,Tables,Side Table,1088.91,7,0.05,139.47
ORD-00504,2025-12-03,2025-12-07,CUST-0396,Corporate,West,Washington,Seattle,Technology,Accessories,USB-C Hub,87.69,2,0.05,15.31
ORD-00569,2025-12-03,2025-12-07,CUST-0142,Consumer,East,Pennsylvania,Pittsburgh,Office Supplies,Binders,A4 Ring Binder,20.43,2,0.15,3.22
ORD-00925,2025-12-03,2025-12-06,CUST-0067,Corporate,Central,Michigan,Detroit,Furniture,Chairs,Executive Chair,2216.48,6,0.05,298.57
ORD-00452,2025-12-03,2025-12-04,CUST-0274,Small Business,West,Arizona,Tucson,Technology,Accessories,Wireless Mouse,132.95,5,0.05,16.88
ORD-01129,2025-12-04,2025-12-09,CUST-0211,Consumer,Central,Michigan,Detroit,Technology,Accessories,USB-C Hub,78.64,2,0.15,8.16
ORD-01105,2025-12-04,2025-12-05,CUST-0119,Small Business,West,Oregon,Portland,Office Supplies,Paper,Premium Printing Paper,37.47,1,0.1,7.17
ORD-01420,2025-12-04,2025-12-05,CUST-0276,Consumer,Central,Ohio,Columbus,Furniture,Tables,Side Table,352.82,3,0.3,-2.07
ORD-01363,2025-12-05,2025-12-07,CUST-0034,Consumer,Central,Michigan,Grand Rapids,Office Supplies,Paper,Copy Paper Box,182.94,6,0.0,47.69
ORD-00617,2025-12-06,2025-12-09,CUST-0048,Consumer,West,Oregon,Eugene,Technology,Phones,Smartphone Pro 12,4510.54,6,0.0,653.6
ORD-01144,2025-12-06,2025-12-09,CUST-0166,Corporate,West,Arizona,Tucson,Furniture,Tables,Round Conference Table,3065.91,7,0.05,439.61
ORD-00508,2025-12-06,2025-12-11,CUST-0293,Corporate,West,Nevada,Las Vegas,Office Supplies,Binders,A4 Ring Binder,19.99,2,0.1,3.9
ORD-00134,2025-12-06,2025-12-08,CUST-0193,Consumer,East,Georgia,Savannah,Office Supplies,Paper,Copy Paper Box,25.7,1,0.15,3.62
ORD-00346,2025-12-06,2025-12-07,CUST-0116,Consumer,South,Alabama,Montgomery,Technology,Laptops,Business Laptop 14,1752.58,2,0.0,306.63
ORD-01391,2025-12-07,2025-12-09,CUST-0031,Consumer,East,Florida,Miami,Furniture,Tables,Meeting Table,2879.42,5,0.0,407.15
ORD-00685,2025-12-07,2025-12-11,CUST-0244,Corporate,West,Nevada,Las Vegas,Technology,Laptops,Business Laptop 14,1827.92,2,0.0,377.9
ORD-00387,2025-12-08,2025-12-11,CUST-0240,Consumer,East,Florida,Jacksonville,Furniture,Tables,Round Conference Table,2847.43,7,0.1,249.47
ORD-00484,2025-12-08,2025-12-13,CUST-0084,Consumer,Central,Texas,Dallas,Technology,Accessories,Wireless Mouse,88.4,4,0.2,7.0
ORD-00501,2025-12-08,2025-12-09,CUST-0052,Consumer,Central,Ohio,Cincinnati,Office Supplies,Binders,Document Folder Set,63.46,5,0.1,10.75
ORD-00089,2025-12-08,2025-12-13,CUST-0190,Consumer,West,Oregon,Portland,Office Supplies,Paper,Copy Paper Box,30.76,1,0.05,7.42
ORD-01353,2025-12-08,2025-12-12,CUST-0021,Consumer,West,Washington,Seattle,Furniture,Tables,Meeting Table,2296.83,5,0.15,155.79
ORD-00978,2025-12-08,2025-12-13,CUST-0312,Corporate,Central,Texas,Houston,Technology,Laptops,Ultrabook Air 13,1596.15,2,0.3,27.61
ORD-01022,2025-12-09,2025-12-11,CUST-0271,Corporate,East,Virginia,Norfolk,Technology,Laptops,Ultrabook Air 13,7808.71,7,0.0,1476.37
ORD-00384,2025-12-09,2025-12-11,CUST-0111,Small Business,South,Tennessee,Knoxville,Office Supplies,Binders,A4 Ring Binder,25.5,2,0.0,6.03
ORD-00166,2025-12-09,2025-12-12,CUST-0152,Consumer,South,Louisiana,Shreveport,Furniture,Tables,Meeting Table,2853.13,5,0.0,485.54
ORD-00763,2025-12-09,2025-12-14,CUST-0339,Consumer,East,New York,Rochester,Technology,Accessories,Wireless Mouse,166.45,6,0.05,27.53
ORD-00821,2025-12-09,2025-12-12,CUST-0343,Consumer,Central,Michigan,Detroit,Office Supplies,Paper,Copy Paper Box,28.52,1,0.15,4.55
ORD-00411,2025-12-09,2025-12-10,CUST-0134,Consumer,South,Alabama,Montgomery,Technology,Accessories,USB-C Hub,250.52,6,0.2,20.98
ORD-01255,2025-12-09,2025-12-12,CUST-0379,Corporate,Central,Texas,Austin,Office Supplies,Paper,Recycled Paper Pack,103.19,4,0.05,19.54
ORD-00110,2025-12-10,2025-12-15,CUST-0278,Consumer,West,Oregon,Eugene,Furniture,Desks,Office Work Desk,638.36,2,0.05,99.2
ORD-00560,2025-12-10,2025-12-14,CUST-0291,Corporate,West,Oregon,Portland,Technology,Laptops,Gaming Laptop G5,1359.41,1,0.0,249.01
ORD-00416,2025-12-10,2025-12-13,CUST-0025,Corporate,West,Oregon,Eugene,Technology,Phones,Budget Smartphone X,1045.6,3,0.1,137.34
ORD-00738,2025-12-10,2025-12-13,CUST-0193,Small Business,East,Pennsylvania,Allentown,Furniture,Desks,Standing Desk,841.65,2,0.15,54.81
ORD-00948,2025-12-10,2025-12-13,CUST-0325,Consumer,Central,Illinois,Springfield,Office Supplies,Binders,Document Folder Set,63.08,4,0.0,14.75
ORD-01112,2025-12-11,2025-12-12,CUST-0284,Consumer,Central,Texas,San Antonio,Technology,Phones,Smartphone Pro 12,5748.16,7,0.0,1074.46
ORD-01287,2025-12-11,2025-12-14,CUST-0361,Corporate,West,Washington,Tacoma,Furniture,Chairs,Visitor Chair,493.87,4,0.1,47.71
ORD-00332,2025-12-11,2025-12-15,CUST-0039,Small Business,South,Louisiana,New Orleans,Technology,Accessories,Wireless Mouse,27.64,1,0.1,3.32
ORD-00129,2025-12-11,2025-12-13,CUST-0093,Small Business,West,Nevada,Reno,Technology,Phones,Smartphone Pro 12,5088.96,7,0.05,643.67
ORD-00744,2025-12-11,2025-12-13,CUST-0110,Small Business,South,Tennessee,Knoxville,Office Supplies,Paper,Premium Printing Paper,190.36,5,0.1,39.25
ORD-01469,2025-12-11,2025-12-12,CUST-0032,Consumer,South,South Carolina,Charleston,Office Supplies,Binders,Premium Binder,49.87,4,0.3,3.03
ORD-01024,2025-12-12,2025-12-17,CUST-0392,Consumer,South,Tennessee,Knoxville,Furniture,Tables,Meeting Table,933.41,2,0.1,86.51
ORD-00805,2025-12-12,2025-12-17,CUST-0106,Corporate,West,California,San Diego,Technology,Laptops,Ultrabook Air 13,4310.93,4,0.05,640.55
ORD-01219,2025-12-12,2025-12-16,CUST-0298,Consumer,South,Tennessee,Memphis,Office Supplies,Paper,Copy Paper Box,61.49,2,0.05,12.79
ORD-00855,2025-12-13,2025-12-16,CUST-0089,Consumer,West,California,Los Angeles,Office Supplies,Binders,A4 Ring Binder,21.06,2,0.1,4.2
ORD-01272,2025-12-13,2025-12-18,CUST-0216,Corporate,West,Nevada,Reno,Technology,Accessories,Mechanical Keyboard,151.8,2,0.0,30.75
ORD-00669,2025-12-13,2025-12-18,CUST-0060,Consumer,Central,Michigan,Grand Rapids,Furniture,Desks,Standing Desk,3253.65,7,0.0,553.87
ORD-00307,2025-12-13,2025-12-14,CUST-0250,Corporate,Central,Ohio,Cleveland,Office Supplies,Storage,Desktop Organizer,125.25,5,0.0,31.03
ORD-00294,2025-12-14,2025-12-16,CUST-0023,Corporate,West,Washington,Tacoma,Furniture,Tables,Side Table,616.65,4,0.0,88.8
ORD-00152,2025-12-14,2025-12-18,CUST-0038,Corporate,East,Georgia,Atlanta,Office Supplies,Paper,Premium Printing Paper,80.96,2,0.15,13.3
ORD-00731,2025-12-14,2025-12-16,CUST-0211,Corporate,East,Florida,Orlando,Office Supplies,Storage,File Storage Box,84.83,4,0.0,16.55
ORD-00068,2025-12-15,2025-12-19,CUST-0089,Corporate,South,Tennessee,Nashville,Furniture,Tables,Meeting Table,2394.92,5,0.15,187.32
ORD-01120,2025-12-15,2025-12-19,CUST-0127,Corporate,East,Virginia,Richmond,Office Supplies,Paper,Premium Printing Paper,332.92,7,0.0,93.56
ORD-00350,2025-12-15,2025-12-18,CUST-0381,Corporate,West,California,San Jose,Office Supplies,Storage,Desktop Organizer,68.27,3,0.1,10.98
ORD-01454,2025-12-15,2025-12-20,CUST-0088,Consumer,Central,Ohio,Cincinnati,Furniture,Tables,Side Table,856.71,6,0.1,98.55
ORD-01225,2025-12-15,2025-12-19,CUST-0320,Consumer,East,Georgia,Atlanta,Technology,Laptops,Ultrabook Air 13,6681.85,6,0.05,1170.79
ORD-01433,2025-12-15,2025-12-17,CUST-0199,Consumer,West,Arizona,Phoenix,Office Supplies,Paper,Copy Paper Box,109.57,4,0.15,14.03
ORD-00168,2025-12-16,2025-12-20,CUST-0382,Consumer,Central,Illinois,Springfield,Office Supplies,Binders,Document Folder Set,10.78,1,0.3,0.65
ORD-00628,2025-12-16,2025-12-19,CUST-0166,Consumer,Central,Illinois,Chicago,Furniture,Chairs,Visitor Chair,655.41,5,0.05,82.09
ORD-00876,2025-12-16,2025-12-20,CUST-0272,Corporate,Central,Ohio,Cleveland,Furniture,Chairs,Visitor Chair,803.28,7,0.05,87.77
ORD-01380,2025-12-16,2025-12-21,CUST-0061,Corporate,South,South Carolina,Columbia,Technology,Laptops,Gaming Laptop G5,2860.44,2,0.0,506.02
ORD-00843,2025-12-17,2025-12-21,CUST-0325,Small Business,East,Virginia,Richmond,Office Supplies,Binders,Premium Binder,100.11,6,0.1,20.68
ORD-01096,2025-12-17,2025-12-19,CUST-0198,Corporate,South,North Carolina,Charlotte,Technology,Laptops,Gaming Laptop G5,9811.74,7,0.05,1455.04
ORD-00050,2025-12-17,2025-12-20,CUST-0173,Corporate,West,Oregon,Portland,Office Supplies,Paper,Premium Printing Paper,133.93,3,0.0,27.38
ORD-01193,2025-12-17,2025-12-22,CUST-0076,Consumer,East,New York,Rochester,Office Supplies,Storage,File Storage Box,85.49,4,0.05,21.46
ORD-00971,2025-12-17,2025-12-21,CUST-0320,Corporate,Central,Wisconsin,Milwaukee,Technology,Phones,Smartphone Pro 12,2003.94,3,0.15,172.89
ORD-00143,2025-12-17,2025-12-18,CUST-0172,Consumer,South,South Carolina,Charleston,Office Supplies,Binders,A4 Ring Binder,64.44,5,0.0,15.36
ORD-00260,2025-12-18,2025-12-23,CUST-0156,Corporate,South,North Carolina,Greensboro,Technology,Laptops,Ultrabook Air 13,5250.66,5,0.05,643.48
ORD-00418,2025-12-18,2025-12-22,CUST-0191,Corporate,West,Oregon,Portland,Furniture,Chairs,Executive Chair,1560.35,4,0.0,260.13
ORD-00830,2025-12-18,2025-12-19,CUST-0290,Small Business,Central,Ohio,Cincinnati,Furniture,Tables,Side Table,954.77,6,0.0,124.07
ORD-01478,2025-12-18,2025-12-22,CUST-0004,Corporate,Central,Illinois,Springfield,Technology,Laptops,Ultrabook Air 13,1138.82,1,0.0,239.98
ORD-01020,2025-12-18,2025-12-19,CUST-0149,Small Business,Central,Illinois,Springfield,Technology,Laptops,Business Laptop 14,5635.86,7,0.1,661.3
ORD-00275,2025-12-18,2025-12-21,CUST-0339,Consumer,South,Alabama,Mobile,Furniture,Tables,Round Conference Table,852.59,2,0.1,75.11
ORD-00884,2025-12-19,2025-12-24,CUST-0073,Consumer,South,Alabama,Mobile,Office Supplies,Paper,Recycled Paper Pack,47.79,2,0.2,7.28
ORD-01088,2025-12-19,2025-12-23,CUST-0321,Small Business,East,New York,Buffalo,Office Supplies,Binders,Document Folder Set,71.74,6,0.15,10.14
ORD-01038,2025-12-19,2025-12-23,CUST-0075,Consumer,West,Nevada,Reno,Technology,Laptops,Gaming Laptop G5,3922.43,3,0.05,519.18
ORD-01131,2025-12-20,2025-12-21,CUST-0200,Corporate,East,Virginia,Richmond,Furniture,Chairs,Executive Chair,2184.06,6,0.05,269.3
ORD-00659,2025-12-20,2025-12-25,CUST-0013,Corporate,Central,Illinois,Springfield,Office Supplies,Binders,Document Folder Set,59.6,5,0.2,7.01
ORD-01289,2025-12-21,2025-12-26,CUST-0068,Corporate,South,Tennessee,Memphis,Technology,Accessories,USB-C Hub,239.91,6,0.15,25.49
ORD-00695,2025-12-21,2025-12-22,CUST-0010,Consumer,West,California,San Jose,Furniture,Chairs,Executive Chair,1562.08,4,0.0,254.16
ORD-01165,2025-12-21,2025-12-26,CUST-0289,Consumer,East,Pennsylvania,Philadelphia,Office Supplies,Paper,Recycled Paper Pack,116.45,5,0.2,16.15
ORD-01444,2025-12-22,2025-12-24,CUST-0081,Consumer,South,Louisiana,Baton Rouge,Office Supplies,Storage,File Storage Box,58.8,3,0.1,9.79
ORD-01134,2025-12-22,2025-12-27,CUST-0383,Small Business,South,North Carolina,Raleigh,Technology,Laptops,Business Laptop 14,6060.12,7,0.05,1011.81
ORD-01440,2025-12-23,2025-12-28,CUST-0027,Corporate,Central,Wisconsin,Madison,Furniture,Tables,Round Conference Table,2442.97,6,0.15,201.96
ORD-00890,2025-12-23,2025-12-28,CUST-0378,Consumer,Central,Wisconsin,Milwaukee,Technology,Accessories,Mechanical Keyboard,388.1,5,0.05,64.77
ORD-00936,2025-12-23,2025-12-27,CUST-0213,Small Business,South,Louisiana,New Orleans,Office Supplies,Paper,Copy Paper Box,25.87,1,0.15,3.69
ORD-00871,2025-12-23,2025-12-24,CUST-0116,Consumer,South,Tennessee,Nashville,Technology,Phones,Smartphone Pro 12,3975.46,5,0.0,778.65
ORD-00903,2025-12-23,2025-12-28,CUST-0296,Small Business,West,California,Fresno,Furniture,Desks,Compact Study Desk,191.9,1,0.1,16.4
ORD-00499,2025-12-24,2025-12-28,CUST-0119,Consumer,South,Alabama,Montgomery,Office Supplies,Paper,Premium Printing Paper,46.31,1,0.0,12.07
ORD-00517,2025-12-24,2025-12-28,CUST-0264,Consumer,Central,Texas,Austin,Office Supplies,Storage,Desktop Organizer,137.83,5,0.0,26.79
ORD-01431,2025-12-24,2025-12-26,CUST-0262,Corporate,East,Pennsylvania,Philadelphia,Office Supplies,Binders,A4 Ring Binder,89.9,7,0.0,24.24
ORD-01177,2025-12-24,2025-12-28,CUST-0136,Consumer,East,Florida,Orlando,Technology,Laptops,Business Laptop 14,3981.22,5,0.1,501.92
ORD-01491,2025-12-24,2025-12-28,CUST-0396,Small Business,Central,Wisconsin,Madison,Office Supplies,Storage,File Storage Box,119.3,6,0.05,28.53
ORD-00082,2025-12-25,2025-12-26,CUST-0313,Small Business,East,Pennsylvania,Pittsburgh,Office Supplies,Binders,Document Folder Set,108.63,7,0.0,27.73
ORD-00980,2025-12-25,2025-12-26,CUST-0228,Corporate,Central,Illinois,Peoria,Technology,Accessories,USB-C Hub,117.68,3,0.15,13.3
ORD-00263,2025-12-25,2025-12-27,CUST-0365,Corporate,East,Pennsylvania,Pittsburgh,Furniture,Chairs,Ergonomic Office Chair,749.08,3,0.05,115.22
ORD-00010,2025-12-25,2025-12-29,CUST-0222,Consumer,East,New York,Rochester,Technology,Phones,5G Phone Max,3620.08,7,0.2,259.82
ORD-00345,2025-12-26,2025-12-28,CUST-0351,Consumer,Central,Ohio,Cincinnati,Technology,Accessories,Wireless Mouse,204.11,7,0.05,28.01
ORD-00833,2025-12-26,2025-12-28,CUST-0151,Consumer,East,Georgia,Atlanta,Furniture,Tables,Round Conference Table,1532.14,4,0.15,102.5
ORD-00941,2025-12-27,2025-12-28,CUST-0026,Corporate,East,Virginia,Richmond,Technology,Phones,Smartphone Pro 12,4488.37,6,0.05,650.18
ORD-01468,2025-12-27,2025-12-29,CUST-0038,Corporate,West,Nevada,Reno,Technology,Accessories,USB-C Hub,148.57,3,0.0,29.57
ORD-00609,2025-12-27,2025-12-31,CUST-0204,Consumer,South,North Carolina,Charlotte,Technology,Laptops,Business Laptop 14,5157.77,6,0.05,886.72
ORD-00838,2025-12-27,2025-12-29,CUST-0047,Consumer,West,Arizona,Tucson,Office Supplies,Paper,Premium Printing Paper,161.95,4,0.05,29.27
ORD-01384,2025-12-28,2025-12-31,CUST-0014,Consumer,East,New York,Rochester,Furniture,Desks,Compact Study Desk,404.43,2,0.1,40.83
ORD-01197,2025-12-28,2026-01-02,CUST-0380,Consumer,East,Virginia,Norfolk,Technology,Laptops,Gaming Laptop G5,7727.99,6,0.0,1303.64
ORD-00296,2025-12-28,2025-12-29,CUST-0076,Consumer,Central,Texas,Houston,Technology,Accessories,Wireless Mouse,82.94,3,0.05,14.14
ORD-01349,2025-12-28,2025-12-29,CUST-0232,Consumer,South,Alabama,Montgomery,Office Supplies,Storage,Archive Box Set,211.36,7,0.15,32.09
ORD-00960,2025-12-29,2026-01-01,CUST-0254,Small Business,South,South Carolina,Columbia,Office Supplies,Paper,Premium Printing Paper,94.27,2,0.0,23.53
ORD-00656,2025-12-29,2025-12-30,CUST-0269,Corporate,Central,Illinois,Springfield,Office Supplies,Storage,Desktop Organizer,41.11,2,0.2,6.38
ORD-01195,2025-12-30,2026-01-04,CUST-0146,Consumer,East,Virginia,Norfolk,Office Supplies,Paper,Premium Printing Paper,325.46,7,0.0,92.94
ORD-01430,2025-12-31,2026-01-04,CUST-0228,Consumer,East,Virginia,Richmond,Office Supplies,Binders,A4 Ring Binder,54.21,5,0.05,13.18
ORD-01335,2025-12-31,2026-01-01,CUST-0340,Corporate,South,South Carolina,Charleston,Office Supplies,Paper,Recycled Paper Pack,126.33,5,0.05,22.58
ORD-01290,2025-12-31,2026-01-01,CUST-0265,Small Business,West,California,Los Angeles,Technology,Laptops,Gaming Laptop G5,5337.69,4,0.05,879.75
ORD-00268,2025-12-31,2026-01-05,CUST-0317,Consumer,West,Arizona,Tucson,Office Supplies,Paper,Premium Printing Paper,182.09,5,0.15,25.28
